CutType,FixedAngleDeg,SweepAngleDeg,GainDb
FixedTheta,75,0,-0.830352
FixedTheta,75,0.5,-0.80931
FixedTheta,75,1,-0.78876
FixedTheta,75,1.5,-0.768731
FixedTheta,75,2,-0.749248
FixedTheta,75,2.5,-0.730336
FixedTheta,75,3,-0.712016
FixedTheta,75,3.5,-0.694309
FixedTheta,75,4,-0.677232
FixedTheta,75,4.5,-0.660802
FixedTheta,75,5,-0.645031
FixedTheta,75,5.5,-0.629932
FixedTheta,75,6,-0.615515
FixedTheta,75,6.5,-0.601787
FixedTheta,75,7,-0.588756
FixedTheta,75,7.5,-0.576426
FixedTheta,75,8,-0.564799
FixedTheta,75,8.5,-0.553876
FixedTheta,75,9,-0.543658
FixedTheta,75,9.5,-0.534141
FixedTheta,75,10,-0.525323
FixedTheta,75,10.5,-0.517196
FixedTheta,75,11,-0.509756
FixedTheta,75,11.5,-0.502993
FixedTheta,75,12,-0.496897
FixedTheta,75,12.5,-0.491459
FixedTheta,75,13,-0.486664
FixedTheta,75,13.5,-0.482501
FixedTheta,75,14,-0.478953
FixedTheta,75,14.5,-0.476005
FixedTheta,75,15,-0.47364
FixedTheta,75,15.5,-0.471839
FixedTheta,75,16,-0.470583
FixedTheta,75,16.5,-0.469851
FixedTheta,75,17,-0.469623
FixedTheta,75,17.5,-0.469875
FixedTheta,75,18,-0.470586
FixedTheta,75,18.5,-0.47173
FixedTheta,75,19,-0.473284
FixedTheta,75,19.5,-0.475222
FixedTheta,75,20,-0.477517
FixedTheta,75,20.5,-0.480144
FixedTheta,75,21,-0.483075
FixedTheta,75,21.5,-0.486281
FixedTheta,75,22,-0.489736
FixedTheta,75,22.5,-0.493409
FixedTheta,75,23,-0.497273
FixedTheta,75,23.5,-0.501298
FixedTheta,75,24,-0.505455
FixedTheta,75,24.5,-0.509713
FixedTheta,75,25,-0.514044
FixedTheta,75,25.5,-0.518416
FixedTheta,75,26,-0.522802
FixedTheta,75,26.5,-0.527171
FixedTheta,75,27,-0.531493
FixedTheta,75,27.5,-0.535739
FixedTheta,75,28,-0.539881
FixedTheta,75,28.5,-0.543889
FixedTheta,75,29,-0.547735
FixedTheta,75,29.5,-0.551392
FixedTheta,75,30,-0.554833
FixedTheta,75,30.5,-0.55803
FixedTheta,75,31,-0.560958
FixedTheta,75,31.5,-0.563593
FixedTheta,75,32,-0.565909
FixedTheta,75,32.5,-0.567883
FixedTheta,75,33,-0.569493
FixedTheta,75,33.5,-0.570717
FixedTheta,75,34,-0.571535
FixedTheta,75,34.5,-0.571928
FixedTheta,75,35,-0.571878
FixedTheta,75,35.5,-0.571367
FixedTheta,75,36,-0.57038
FixedTheta,75,36.5,-0.568903
FixedTheta,75,37,-0.566922
FixedTheta,75,37.5,-0.564426
FixedTheta,75,38,-0.561406
FixedTheta,75,38.5,-0.557851
FixedTheta,75,39,-0.553754
FixedTheta,75,39.5,-0.549111
FixedTheta,75,40,-0.543915
FixedTheta,75,40.5,-0.538165
FixedTheta,75,41,-0.531858
FixedTheta,75,41.5,-0.524995
FixedTheta,75,42,-0.517578
FixedTheta,75,42.5,-0.509608
FixedTheta,75,43,-0.50109
FixedTheta,75,43.5,-0.49203
FixedTheta,75,44,-0.482435
FixedTheta,75,44.5,-0.472313
FixedTheta,75,45,-0.461674
FixedTheta,75,45.5,-0.450528
FixedTheta,75,46,-0.438887
FixedTheta,75,46.5,-0.426766
FixedTheta,75,47,-0.414177
FixedTheta,75,47.5,-0.401136
FixedTheta,75,48,-0.387659
FixedTheta,75,48.5,-0.373764
FixedTheta,75,49,-0.359467
FixedTheta,75,49.5,-0.344789
FixedTheta,75,50,-0.329747
FixedTheta,75,50.5,-0.314363
FixedTheta,75,51,-0.298656
FixedTheta,75,51.5,-0.282647
FixedTheta,75,52,-0.266359
FixedTheta,75,52.5,-0.249811
FixedTheta,75,53,-0.233028
FixedTheta,75,53.5,-0.21603
FixedTheta,75,54,-0.19884
FixedTheta,75,54.5,-0.18148
FixedTheta,75,55,-0.163972
FixedTheta,75,55.5,-0.14634
FixedTheta,75,56,-0.128605
FixedTheta,75,56.5,-0.110789
FixedTheta,75,57,-0.0929142
FixedTheta,75,57.5,-0.0750017
FixedTheta,75,58,-0.0570728
FixedTheta,75,58.5,-0.0391483
FixedTheta,75,59,-0.0212487
FixedTheta,75,59.5,-0.00339384
FixedTheta,75,60,0.0143967
FixedTheta,75,60.5,0.0321041
FixedTheta,75,61,0.04971
FixedTheta,75,61.5,0.0671964
FixedTheta,75,62,0.0845463
FixedTheta,75,62.5,0.101743
FixedTheta,75,63,0.118771
FixedTheta,75,63.5,0.135614
FixedTheta,75,64,0.152258
FixedTheta,75,64.5,0.168689
FixedTheta,75,65,0.184894
FixedTheta,75,65.5,0.20086
FixedTheta,75,66,0.216575
FixedTheta,75,66.5,0.232029
FixedTheta,75,67,0.247209
FixedTheta,75,67.5,0.262108
FixedTheta,75,68,0.276715
FixedTheta,75,68.5,0.291022
FixedTheta,75,69,0.305022
FixedTheta,75,69.5,0.318706
FixedTheta,75,70,0.332069
FixedTheta,75,70.5,0.345104
FixedTheta,75,71,0.357806
FixedTheta,75,71.5,0.37017
FixedTheta,75,72,0.382192
FixedTheta,75,72.5,0.393868
FixedTheta,75,73,0.405195
FixedTheta,75,73.5,0.416171
FixedTheta,75,74,0.426792
FixedTheta,75,74.5,0.437057
FixedTheta,75,75,0.446965
FixedTheta,75,75.5,0.456515
FixedTheta,75,76,0.465705
FixedTheta,75,76.5,0.474537
FixedTheta,75,77,0.483009
FixedTheta,75,77.5,0.491122
FixedTheta,75,78,0.498877
FixedTheta,75,78.5,0.506275
FixedTheta,75,79,0.513316
FixedTheta,75,79.5,0.520001
FixedTheta,75,80,0.526333
FixedTheta,75,80.5,0.532313
FixedTheta,75,81,0.537942
FixedTheta,75,81.5,0.543223
FixedTheta,75,82,0.548156
FixedTheta,75,82.5,0.552745
FixedTheta,75,83,0.55699
FixedTheta,75,83.5,0.560895
FixedTheta,75,84,0.56446
FixedTheta,75,84.5,0.567688
FixedTheta,75,85,0.570581
FixedTheta,75,85.5,0.57314
FixedTheta,75,86,0.575368
FixedTheta,75,86.5,0.577266
FixedTheta,75,87,0.578835
FixedTheta,75,87.5,0.580078
FixedTheta,75,88,0.580995
FixedTheta,75,88.5,0.581588
FixedTheta,75,89,0.581857
FixedTheta,75,89.5,0.581805
FixedTheta,75,90,0.581431
FixedTheta,75,90.5,0.580736
FixedTheta,75,91,0.579722
FixedTheta,75,91.5,0.578388
FixedTheta,75,92,0.576734
FixedTheta,75,92.5,0.574761
FixedTheta,75,93,0.572468
FixedTheta,75,93.5,0.569856
FixedTheta,75,94,0.566924
FixedTheta,75,94.5,0.563671
FixedTheta,75,95,0.560098
FixedTheta,75,95.5,0.556203
FixedTheta,75,96,0.551985
FixedTheta,75,96.5,0.547444
FixedTheta,75,97,0.542579
FixedTheta,75,97.5,0.537389
FixedTheta,75,98,0.531873
FixedTheta,75,98.5,0.52603
FixedTheta,75,99,0.519859
FixedTheta,75,99.5,0.513359
FixedTheta,75,100,0.506529
FixedTheta,75,100.5,0.499367
FixedTheta,75,101,0.491875
FixedTheta,75,101.5,0.48405
FixedTheta,75,102,0.475892
FixedTheta,75,102.5,0.467401
FixedTheta,75,103,0.458576
FixedTheta,75,103.5,0.449418
FixedTheta,75,104,0.439927
FixedTheta,75,104.5,0.430103
FixedTheta,75,105,0.419948
FixedTheta,75,105.5,0.409461
FixedTheta,75,106,0.398645
FixedTheta,75,106.5,0.387501
FixedTheta,75,107,0.376032
FixedTheta,75,107.5,0.36424
FixedTheta,75,108,0.352128
FixedTheta,75,108.5,0.3397
FixedTheta,75,109,0.326959
FixedTheta,75,109.5,0.31391
FixedTheta,75,110,0.300558
FixedTheta,75,110.5,0.286908
FixedTheta,75,111,0.272967
FixedTheta,75,111.5,0.25874
FixedTheta,75,112,0.244236
FixedTheta,75,112.5,0.229462
FixedTheta,75,113,0.214427
FixedTheta,75,113.5,0.199139
FixedTheta,75,114,0.183608
FixedTheta,75,114.5,0.167845
FixedTheta,75,115,0.151861
FixedTheta,75,115.5,0.135667
FixedTheta,75,116,0.119276
FixedTheta,75,116.5,0.102701
FixedTheta,75,117,0.085955
FixedTheta,75,117.5,0.0690525
FixedTheta,75,118,0.0520085
FixedTheta,75,118.5,0.0348385
FixedTheta,75,119,0.0175586
FixedTheta,75,119.5,0.000185398
FixedTheta,75,120,-0.0172638
FixedTheta,75,120.5,-0.0347711
FixedTheta,75,121,-0.0523184
FixedTheta,75,121.5,-0.0698868
FixedTheta,75,122,-0.0874572
FixedTheta,75,122.5,-0.10501
FixedTheta,75,123,-0.122525
FixedTheta,75,123.5,-0.139982
FixedTheta,75,124,-0.157361
FixedTheta,75,124.5,-0.17464
FixedTheta,75,125,-0.1918
FixedTheta,75,125.5,-0.208818
FixedTheta,75,126,-0.225673
FixedTheta,75,126.5,-0.242345
FixedTheta,75,127,-0.258812
FixedTheta,75,127.5,-0.275054
FixedTheta,75,128,-0.291049
FixedTheta,75,128.5,-0.306778
FixedTheta,75,129,-0.322219
FixedTheta,75,129.5,-0.337354
FixedTheta,75,130,-0.352162
FixedTheta,75,130.5,-0.366625
FixedTheta,75,131,-0.380725
FixedTheta,75,131.5,-0.394443
FixedTheta,75,132,-0.407764
FixedTheta,75,132.5,-0.420671
FixedTheta,75,133,-0.433149
FixedTheta,75,133.5,-0.445183
FixedTheta,75,134,-0.456761
FixedTheta,75,134.5,-0.467869
FixedTheta,75,135,-0.478497
FixedTheta,75,135.5,-0.488634
FixedTheta,75,136,-0.498272
FixedTheta,75,136.5,-0.507402
FixedTheta,75,137,-0.516019
FixedTheta,75,137.5,-0.524117
FixedTheta,75,138,-0.531692
FixedTheta,75,138.5,-0.538741
FixedTheta,75,139,-0.545264
FixedTheta,75,139.5,-0.55126
FixedTheta,75,140,-0.556731
FixedTheta,75,140.5,-0.56168
FixedTheta,75,141,-0.566112
FixedTheta,75,141.5,-0.570032
FixedTheta,75,142,-0.573446
FixedTheta,75,142.5,-0.576364
FixedTheta,75,143,-0.578795
FixedTheta,75,143.5,-0.580751
FixedTheta,75,144,-0.582242
FixedTheta,75,144.5,-0.583284
FixedTheta,75,145,-0.583891
FixedTheta,75,145.5,-0.584078
FixedTheta,75,146,-0.583863
FixedTheta,75,146.5,-0.583263
FixedTheta,75,147,-0.582299
FixedTheta,75,147.5,-0.580989
FixedTheta,75,148,-0.579356
FixedTheta,75,148.5,-0.57742
FixedTheta,75,149,-0.575205
FixedTheta,75,149.5,-0.572734
FixedTheta,75,150,-0.570031
FixedTheta,75,150.5,-0.56712
FixedTheta,75,151,-0.564028
FixedTheta,75,151.5,-0.560779
FixedTheta,75,152,-0.557401
FixedTheta,75,152.5,-0.553919
FixedTheta,75,153,-0.55036
FixedTheta,75,153.5,-0.546752
FixedTheta,75,154,-0.543123
FixedTheta,75,154.5,-0.539498
FixedTheta,75,155,-0.535907
FixedTheta,75,155.5,-0.532376
FixedTheta,75,156,-0.528933
FixedTheta,75,156.5,-0.525606
FixedTheta,75,157,-0.522422
FixedTheta,75,157.5,-0.519407
FixedTheta,75,158,-0.516589
FixedTheta,75,158.5,-0.513995
FixedTheta,75,159,-0.51165
FixedTheta,75,159.5,-0.50958
FixedTheta,75,160,-0.50781
FixedTheta,75,160.5,-0.506366
FixedTheta,75,161,-0.505271
FixedTheta,75,161.5,-0.504549
FixedTheta,75,162,-0.504223
FixedTheta,75,162.5,-0.504315
FixedTheta,75,163,-0.504847
FixedTheta,75,163.5,-0.50584
FixedTheta,75,164,-0.507314
FixedTheta,75,164.5,-0.509287
FixedTheta,75,165,-0.511778
FixedTheta,75,165.5,-0.514804
FixedTheta,75,166,-0.518382
FixedTheta,75,166.5,-0.522526
FixedTheta,75,167,-0.527251
FixedTheta,75,167.5,-0.53257
FixedTheta,75,168,-0.538495
FixedTheta,75,168.5,-0.545036
FixedTheta,75,169,-0.552203
FixedTheta,75,169.5,-0.560004
FixedTheta,75,170,-0.568445
FixedTheta,75,170.5,-0.577533
FixedTheta,75,171,-0.587272
FixedTheta,75,171.5,-0.597663
FixedTheta,75,172,-0.608708
FixedTheta,75,172.5,-0.620407
FixedTheta,75,173,-0.632757
FixedTheta,75,173.5,-0.645755
FixedTheta,75,174,-0.659396
FixedTheta,75,174.5,-0.673672
FixedTheta,75,175,-0.688575
FixedTheta,75,175.5,-0.704094
FixedTheta,75,176,-0.720217
FixedTheta,75,176.5,-0.73693
FixedTheta,75,177,-0.754215
FixedTheta,75,177.5,-0.772056
FixedTheta,75,178,-0.790431
FixedTheta,75,178.5,-0.80932
FixedTheta,75,179,-0.828697
FixedTheta,75,179.5,-0.848537
FixedTheta,75,180,-0.868811
FixedTheta,75,180.5,-0.889489
FixedTheta,75,181,-0.910538
FixedTheta,75,181.5,-0.931924
FixedTheta,75,182,-0.95361
FixedTheta,75,182.5,-0.975557
FixedTheta,75,183,-0.997724
FixedTheta,75,183.5,-1.02007
FixedTheta,75,184,-1.04254
FixedTheta,75,184.5,-1.06511
FixedTheta,75,185,-1.0877
FixedTheta,75,185.5,-1.11028
FixedTheta,75,186,-1.1328
FixedTheta,75,186.5,-1.15519
FixedTheta,75,187,-1.1774
FixedTheta,75,187.5,-1.19937
FixedTheta,75,188,-1.22104
FixedTheta,75,188.5,-1.24236
FixedTheta,75,189,-1.26326
FixedTheta,75,189.5,-1.28367
FixedTheta,75,190,-1.30353
FixedTheta,75,190.5,-1.32279
FixedTheta,75,191,-1.34136
FixedTheta,75,191.5,-1.35919
FixedTheta,75,192,-1.37621
FixedTheta,75,192.5,-1.39235
FixedTheta,75,193,-1.40755
FixedTheta,75,193.5,-1.42175
FixedTheta,75,194,-1.43487
FixedTheta,75,194.5,-1.44687
FixedTheta,75,195,-1.45766
FixedTheta,75,195.5,-1.4672
FixedTheta,75,196,-1.47543
FixedTheta,75,196.5,-1.48229
FixedTheta,75,197,-1.48772
FixedTheta,75,197.5,-1.49168
FixedTheta,75,198,-1.49412
FixedTheta,75,198.5,-1.495
FixedTheta,75,199,-1.49426
FixedTheta,75,199.5,-1.49189
FixedTheta,75,200,-1.48783
FixedTheta,75,200.5,-1.48207
FixedTheta,75,201,-1.47458
FixedTheta,75,201.5,-1.46533
FixedTheta,75,202,-1.45431
FixedTheta,75,202.5,-1.44151
FixedTheta,75,203,-1.42693
FixedTheta,75,203.5,-1.41055
FixedTheta,75,204,-1.39238
FixedTheta,75,204.5,-1.37243
FixedTheta,75,205,-1.35071
FixedTheta,75,205.5,-1.32723
FixedTheta,75,206,-1.30202
FixedTheta,75,206.5,-1.27509
FixedTheta,75,207,-1.24648
FixedTheta,75,207.5,-1.21622
FixedTheta,75,208,-1.18435
FixedTheta,75,208.5,-1.1509
FixedTheta,75,209,-1.11591
FixedTheta,75,209.5,-1.07944
FixedTheta,75,210,-1.04152
FixedTheta,75,210.5,-1.00222
FixedTheta,75,211,-0.961583
FixedTheta,75,211.5,-0.919665
FixedTheta,75,212,-0.876523
FixedTheta,75,212.5,-0.832215
FixedTheta,75,213,-0.786801
FixedTheta,75,213.5,-0.740342
FixedTheta,75,214,-0.692898
FixedTheta,75,214.5,-0.644532
FixedTheta,75,215,-0.595305
FixedTheta,75,215.5,-0.545279
FixedTheta,75,216,-0.494516
FixedTheta,75,216.5,-0.443078
FixedTheta,75,217,-0.391026
FixedTheta,75,217.5,-0.33842
FixedTheta,75,218,-0.285319
FixedTheta,75,218.5,-0.231782
FixedTheta,75,219,-0.177867
FixedTheta,75,219.5,-0.12363
FixedTheta,75,220,-0.0691257
FixedTheta,75,220.5,-0.0144079
FixedTheta,75,221,0.0404713
FixedTheta,75,221.5,0.095461
FixedTheta,75,222,0.150512
FixedTheta,75,222.5,0.205577
FixedTheta,75,223,0.260611
FixedTheta,75,223.5,0.315568
FixedTheta,75,224,0.370406
FixedTheta,75,224.5,0.425085
FixedTheta,75,225,0.479565
FixedTheta,75,225.5,0.533809
FixedTheta,75,226,0.58778
FixedTheta,75,226.5,0.641446
FixedTheta,75,227,0.694772
FixedTheta,75,227.5,0.747729
FixedTheta,75,228,0.800287
FixedTheta,75,228.5,0.852418
FixedTheta,75,229,0.904097
FixedTheta,75,229.5,0.955297
FixedTheta,75,230,1.006
FixedTheta,75,230.5,1.05617
FixedTheta,75,231,1.10581
FixedTheta,75,231.5,1.15488
FixedTheta,75,232,1.20337
FixedTheta,75,232.5,1.25127
FixedTheta,75,233,1.29855
FixedTheta,75,233.5,1.34521
FixedTheta,75,234,1.39123
FixedTheta,75,234.5,1.43659
FixedTheta,75,235,1.4813
FixedTheta,75,235.5,1.52533
FixedTheta,75,236,1.56869
FixedTheta,75,236.5,1.61135
FixedTheta,75,237,1.65333
FixedTheta,75,237.5,1.6946
FixedTheta,75,238,1.73516
FixedTheta,75,238.5,1.77501
FixedTheta,75,239,1.81415
FixedTheta,75,239.5,1.85257
FixedTheta,75,240,1.89027
FixedTheta,75,240.5,1.92725
FixedTheta,75,241,1.96351
FixedTheta,75,241.5,1.99904
FixedTheta,75,242,2.03385
FixedTheta,75,242.5,2.06793
FixedTheta,75,243,2.1013
FixedTheta,75,243.5,2.13394
FixedTheta,75,244,2.16586
FixedTheta,75,244.5,2.19707
FixedTheta,75,245,2.22756
FixedTheta,75,245.5,2.25734
FixedTheta,75,246,2.28642
FixedTheta,75,246.5,2.31479
FixedTheta,75,247,2.34246
FixedTheta,75,247.5,2.36943
FixedTheta,75,248,2.39571
FixedTheta,75,248.5,2.42131
FixedTheta,75,249,2.44622
FixedTheta,75,249.5,2.47045
FixedTheta,75,250,2.49401
FixedTheta,75,250.5,2.51691
FixedTheta,75,251,2.53914
FixedTheta,75,251.5,2.56071
FixedTheta,75,252,2.58163
FixedTheta,75,252.5,2.6019
FixedTheta,75,253,2.62154
FixedTheta,75,253.5,2.64053
FixedTheta,75,254,2.6589
FixedTheta,75,254.5,2.67664
FixedTheta,75,255,2.69376
FixedTheta,75,255.5,2.71027
FixedTheta,75,256,2.72617
FixedTheta,75,256.5,2.74146
FixedTheta,75,257,2.75616
FixedTheta,75,257.5,2.77026
FixedTheta,75,258,2.78378
FixedTheta,75,258.5,2.79671
FixedTheta,75,259,2.80906
FixedTheta,75,259.5,2.82084
FixedTheta,75,260,2.83205
FixedTheta,75,260.5,2.84269
FixedTheta,75,261,2.85277
FixedTheta,75,261.5,2.86229
FixedTheta,75,262,2.87126
FixedTheta,75,262.5,2.87968
FixedTheta,75,263,2.88755
FixedTheta,75,263.5,2.89487
FixedTheta,75,264,2.90166
FixedTheta,75,264.5,2.9079
FixedTheta,75,265,2.91361
FixedTheta,75,265.5,2.91879
FixedTheta,75,266,2.92344
FixedTheta,75,266.5,2.92755
FixedTheta,75,267,2.93114
FixedTheta,75,267.5,2.9342
FixedTheta,75,268,2.93674
FixedTheta,75,268.5,2.93875
FixedTheta,75,269,2.94023
FixedTheta,75,269.5,2.94119
FixedTheta,75,270,2.94163
FixedTheta,75,270.5,2.94155
FixedTheta,75,271,2.94093
FixedTheta,75,271.5,2.9398
FixedTheta,75,272,2.93813
FixedTheta,75,272.5,2.93594
FixedTheta,75,273,2.93322
FixedTheta,75,273.5,2.92997
FixedTheta,75,274,2.92619
FixedTheta,75,274.5,2.92187
FixedTheta,75,275,2.91702
FixedTheta,75,275.5,2.91162
FixedTheta,75,276,2.90568
FixedTheta,75,276.5,2.89919
FixedTheta,75,277,2.89216
FixedTheta,75,277.5,2.88457
FixedTheta,75,278,2.87642
FixedTheta,75,278.5,2.86771
FixedTheta,75,279,2.85844
FixedTheta,75,279.5,2.84859
FixedTheta,75,280,2.83817
FixedTheta,75,280.5,2.82717
FixedTheta,75,281,2.81559
FixedTheta,75,281.5,2.80341
FixedTheta,75,282,2.79064
FixedTheta,75,282.5,2.77727
FixedTheta,75,283,2.76329
FixedTheta,75,283.5,2.74869
FixedTheta,75,284,2.73348
FixedTheta,75,284.5,2.71765
FixedTheta,75,285,2.70118
FixedTheta,75,285.5,2.68408
FixedTheta,75,286,2.66633
FixedTheta,75,286.5,2.64794
FixedTheta,75,287,2.62888
FixedTheta,75,287.5,2.60917
FixedTheta,75,288,2.58879
FixedTheta,75,288.5,2.56774
FixedTheta,75,289,2.546
FixedTheta,75,289.5,2.52358
FixedTheta,75,290,2.50047
FixedTheta,75,290.5,2.47666
FixedTheta,75,291,2.45214
FixedTheta,75,291.5,2.42692
FixedTheta,75,292,2.40098
FixedTheta,75,292.5,2.37432
FixedTheta,75,293,2.34694
FixedTheta,75,293.5,2.31882
FixedTheta,75,294,2.28998
FixedTheta,75,294.5,2.26039
FixedTheta,75,295,2.23006
FixedTheta,75,295.5,2.19899
FixedTheta,75,296,2.16717
FixedTheta,75,296.5,2.13459
FixedTheta,75,297,2.10127
FixedTheta,75,297.5,2.06718
FixedTheta,75,298,2.03234
FixedTheta,75,298.5,1.99675
FixedTheta,75,299,1.96039
FixedTheta,75,299.5,1.92328
FixedTheta,75,300,1.88541
FixedTheta,75,300.5,1.84679
FixedTheta,75,301,1.80742
FixedTheta,75,301.5,1.76729
FixedTheta,75,302,1.72642
FixedTheta,75,302.5,1.68481
FixedTheta,75,303,1.64247
FixedTheta,75,303.5,1.59939
FixedTheta,75,304,1.5556
FixedTheta,75,304.5,1.51109
FixedTheta,75,305,1.46588
FixedTheta,75,305.5,1.41997
FixedTheta,75,306,1.37338
FixedTheta,75,306.5,1.32612
FixedTheta,75,307,1.27821
FixedTheta,75,307.5,1.22965
FixedTheta,75,308,1.18047
FixedTheta,75,308.5,1.13068
FixedTheta,75,309,1.0803
FixedTheta,75,309.5,1.02935
FixedTheta,75,310,0.977849
FixedTheta,75,310.5,0.925824
FixedTheta,75,311,0.873297
FixedTheta,75,311.5,0.820294
FixedTheta,75,312,0.766843
FixedTheta,75,312.5,0.712971
FixedTheta,75,313,0.65871
FixedTheta,75,313.5,0.604092
FixedTheta,75,314,0.54915
FixedTheta,75,314.5,0.493919
FixedTheta,75,315,0.438436
FixedTheta,75,315.5,0.382741
FixedTheta,75,316,0.326873
FixedTheta,75,316.5,0.270875
FixedTheta,75,317,0.21479
FixedTheta,75,317.5,0.158664
FixedTheta,75,318,0.102545
FixedTheta,75,318.5,0.0464801
FixedTheta,75,319,-0.00947893
FixedTheta,75,319.5,-0.0652805
FixedTheta,75,320,-0.120871
FixedTheta,75,320.5,-0.176195
FixedTheta,75,321,-0.231197
FixedTheta,75,321.5,-0.285818
FixedTheta,75,322,-0.34
FixedTheta,75,322.5,-0.393683
FixedTheta,75,323,-0.446806
FixedTheta,75,323.5,-0.499306
FixedTheta,75,324,-0.551121
FixedTheta,75,324.5,-0.602188
FixedTheta,75,325,-0.652444
FixedTheta,75,325.5,-0.701824
FixedTheta,75,326,-0.750266
FixedTheta,75,326.5,-0.797705
FixedTheta,75,327,-0.844079
FixedTheta,75,327.5,-0.889325
FixedTheta,75,328,-0.933383
FixedTheta,75,328.5,-0.976191
FixedTheta,75,329,-1.01769
FixedTheta,75,329.5,-1.05783
FixedTheta,75,330,-1.09654
FixedTheta,75,330.5,-1.13378
FixedTheta,75,331,-1.1695
FixedTheta,75,331.5,-1.20365
FixedTheta,75,332,-1.23618
FixedTheta,75,332.5,-1.26706
FixedTheta,75,333,-1.29624
FixedTheta,75,333.5,-1.32369
FixedTheta,75,334,-1.34939
FixedTheta,75,334.5,-1.37329
FixedTheta,75,335,-1.3954
FixedTheta,75,335.5,-1.41568
FixedTheta,75,336,-1.43412
FixedTheta,75,336.5,-1.45072
FixedTheta,75,337,-1.46547
FixedTheta,75,337.5,-1.47837
FixedTheta,75,338,-1.48944
FixedTheta,75,338.5,-1.49868
FixedTheta,75,339,-1.5061
FixedTheta,75,339.5,-1.51173
FixedTheta,75,340,-1.51559
FixedTheta,75,340.5,-1.51771
FixedTheta,75,341,-1.51813
FixedTheta,75,341.5,-1.51688
FixedTheta,75,342,-1.514
FixedTheta,75,342.5,-1.50954
FixedTheta,75,343,-1.50355
FixedTheta,75,343.5,-1.49608
FixedTheta,75,344,-1.48718
FixedTheta,75,344.5,-1.47691
FixedTheta,75,345,-1.46533
FixedTheta,75,345.5,-1.45251
FixedTheta,75,346,-1.4385
FixedTheta,75,346.5,-1.42337
FixedTheta,75,347,-1.40718
FixedTheta,75,347.5,-1.39002
FixedTheta,75,348,-1.37193
FixedTheta,75,348.5,-1.35299
FixedTheta,75,349,-1.33328
FixedTheta,75,349.5,-1.31285
FixedTheta,75,350,-1.29177
FixedTheta,75,350.5,-1.27012
FixedTheta,75,351,-1.24796
FixedTheta,75,351.5,-1.22536
FixedTheta,75,352,-1.20238
FixedTheta,75,352.5,-1.17908
FixedTheta,75,353,-1.15554
FixedTheta,75,353.5,-1.1318
FixedTheta,75,354,-1.10793
FixedTheta,75,354.5,-1.08399
FixedTheta,75,355,-1.06003
FixedTheta,75,355.5,-1.03611
FixedTheta,75,356,-1.01228
FixedTheta,75,356.5,-0.98858
FixedTheta,75,357,-0.965072
FixedTheta,75,357.5,-0.941796
FixedTheta,75,358,-0.918795
FixedTheta,75,358.5,-0.896113
FixedTheta,75,359,-0.873787
FixedTheta,75,359.5,-0.851855
FixedTheta,75,360,-0.830352
FixedTheta,90,0,-2.87502
FixedTheta,90,0.5,-2.84749
FixedTheta,90,1,-2.8205
FixedTheta,90,1.5,-2.79407
FixedTheta,90,2,-2.76824
FixedTheta,90,2.5,-2.74303
FixedTheta,90,3,-2.71846
FixedTheta,90,3.5,-2.69456
FixedTheta,90,4,-2.67134
FixedTheta,90,4.5,-2.64882
FixedTheta,90,5,-2.62702
FixedTheta,90,5.5,-2.60594
FixedTheta,90,6,-2.5856
FixedTheta,90,6.5,-2.56601
FixedTheta,90,7,-2.54717
FixedTheta,90,7.5,-2.52909
FixedTheta,90,8,-2.51177
FixedTheta,90,8.5,-2.49521
FixedTheta,90,9,-2.47941
FixedTheta,90,9.5,-2.46436
FixedTheta,90,10,-2.45008
FixedTheta,90,10.5,-2.43654
FixedTheta,90,11,-2.42374
FixedTheta,90,11.5,-2.41168
FixedTheta,90,12,-2.40034
FixedTheta,90,12.5,-2.38971
FixedTheta,90,13,-2.37979
FixedTheta,90,13.5,-2.37055
FixedTheta,90,14,-2.36197
FixedTheta,90,14.5,-2.35406
FixedTheta,90,15,-2.34678
FixedTheta,90,15.5,-2.34011
FixedTheta,90,16,-2.33405
FixedTheta,90,16.5,-2.32856
FixedTheta,90,17,-2.32362
FixedTheta,90,17.5,-2.31921
FixedTheta,90,18,-2.31531
FixedTheta,90,18.5,-2.31189
FixedTheta,90,19,-2.30892
FixedTheta,90,19.5,-2.30639
FixedTheta,90,20,-2.30425
FixedTheta,90,20.5,-2.30248
FixedTheta,90,21,-2.30105
FixedTheta,90,21.5,-2.29992
FixedTheta,90,22,-2.29908
FixedTheta,90,22.5,-2.29849
FixedTheta,90,23,-2.2981
FixedTheta,90,23.5,-2.2979
FixedTheta,90,24,-2.29785
FixedTheta,90,24.5,-2.2979
FixedTheta,90,25,-2.29804
FixedTheta,90,25.5,-2.29822
FixedTheta,90,26,-2.29841
FixedTheta,90,26.5,-2.29857
FixedTheta,90,27,-2.29867
FixedTheta,90,27.5,-2.29867
FixedTheta,90,28,-2.29854
FixedTheta,90,28.5,-2.29825
FixedTheta,90,29,-2.29775
FixedTheta,90,29.5,-2.29702
FixedTheta,90,30,-2.29601
FixedTheta,90,30.5,-2.29471
FixedTheta,90,31,-2.29306
FixedTheta,90,31.5,-2.29105
FixedTheta,90,32,-2.28865
FixedTheta,90,32.5,-2.28581
FixedTheta,90,33,-2.28252
FixedTheta,90,33.5,-2.27875
FixedTheta,90,34,-2.27446
FixedTheta,90,34.5,-2.26964
FixedTheta,90,35,-2.26426
FixedTheta,90,35.5,-2.25831
FixedTheta,90,36,-2.25176
FixedTheta,90,36.5,-2.24459
FixedTheta,90,37,-2.23678
FixedTheta,90,37.5,-2.22833
FixedTheta,90,38,-2.21923
FixedTheta,90,38.5,-2.20945
FixedTheta,90,39,-2.199
FixedTheta,90,39.5,-2.18787
FixedTheta,90,40,-2.17605
FixedTheta,90,40.5,-2.16355
FixedTheta,90,41,-2.15036
FixedTheta,90,41.5,-2.13648
FixedTheta,90,42,-2.12194
FixedTheta,90,42.5,-2.10672
FixedTheta,90,43,-2.09084
FixedTheta,90,43.5,-2.07431
FixedTheta,90,44,-2.05715
FixedTheta,90,44.5,-2.03938
FixedTheta,90,45,-2.021
FixedTheta,90,45.5,-2.00204
FixedTheta,90,46,-1.98251
FixedTheta,90,46.5,-1.96245
FixedTheta,90,47,-1.94188
FixedTheta,90,47.5,-1.92081
FixedTheta,90,48,-1.89928
FixedTheta,90,48.5,-1.87732
FixedTheta,90,49,-1.85495
FixedTheta,90,49.5,-1.83221
FixedTheta,90,50,-1.80912
FixedTheta,90,50.5,-1.78572
FixedTheta,90,51,-1.76203
FixedTheta,90,51.5,-1.73809
FixedTheta,90,52,-1.71393
FixedTheta,90,52.5,-1.68959
FixedTheta,90,53,-1.66509
FixedTheta,90,53.5,-1.64047
FixedTheta,90,54,-1.61576
FixedTheta,90,54.5,-1.59099
FixedTheta,90,55,-1.5662
FixedTheta,90,55.5,-1.54141
FixedTheta,90,56,-1.51665
FixedTheta,90,56.5,-1.49197
FixedTheta,90,57,-1.46737
FixedTheta,90,57.5,-1.4429
FixedTheta,90,58,-1.41858
FixedTheta,90,58.5,-1.39444
FixedTheta,90,59,-1.3705
FixedTheta,90,59.5,-1.34678
FixedTheta,90,60,-1.32332
FixedTheta,90,60.5,-1.30013
FixedTheta,90,61,-1.27723
FixedTheta,90,61.5,-1.25465
FixedTheta,90,62,-1.2324
FixedTheta,90,62.5,-1.21051
FixedTheta,90,63,-1.18898
FixedTheta,90,63.5,-1.16783
FixedTheta,90,64,-1.14709
FixedTheta,90,64.5,-1.12675
FixedTheta,90,65,-1.10684
FixedTheta,90,65.5,-1.08737
FixedTheta,90,66,-1.06833
FixedTheta,90,66.5,-1.04975
FixedTheta,90,67,-1.03163
FixedTheta,90,67.5,-1.01398
FixedTheta,90,68,-0.996797
FixedTheta,90,68.5,-0.98009
FixedTheta,90,69,-0.963862
FixedTheta,90,69.5,-0.948115
FixedTheta,90,70,-0.932851
FixedTheta,90,70.5,-0.91807
FixedTheta,90,71,-0.903771
FixedTheta,90,71.5,-0.889955
FixedTheta,90,72,-0.876617
FixedTheta,90,72.5,-0.863757
FixedTheta,90,73,-0.85137
FixedTheta,90,73.5,-0.839452
FixedTheta,90,74,-0.827998
FixedTheta,90,74.5,-0.817004
FixedTheta,90,75,-0.806464
FixedTheta,90,75.5,-0.796371
FixedTheta,90,76,-0.78672
FixedTheta,90,76.5,-0.777501
FixedTheta,90,77,-0.76871
FixedTheta,90,77.5,-0.760338
FixedTheta,90,78,-0.752376
FixedTheta,90,78.5,-0.744818
FixedTheta,90,79,-0.737656
FixedTheta,90,79.5,-0.73088
FixedTheta,90,80,-0.724483
FixedTheta,90,80.5,-0.718456
FixedTheta,90,81,-0.712792
FixedTheta,90,81.5,-0.707482
FixedTheta,90,82,-0.702518
FixedTheta,90,82.5,-0.697893
FixedTheta,90,83,-0.693599
FixedTheta,90,83.5,-0.689629
FixedTheta,90,84,-0.685975
FixedTheta,90,84.5,-0.682631
FixedTheta,90,85,-0.679592
FixedTheta,90,85.5,-0.67685
FixedTheta,90,86,-0.6744
FixedTheta,90,86.5,-0.672238
FixedTheta,90,87,-0.670358
FixedTheta,90,87.5,-0.668757
FixedTheta,90,88,-0.667432
FixedTheta,90,88.5,-0.666378
FixedTheta,90,89,-0.665594
FixedTheta,90,89.5,-0.665079
FixedTheta,90,90,-0.664829
FixedTheta,90,90.5,-0.664846
FixedTheta,90,91,-0.665129
FixedTheta,90,91.5,-0.665678
FixedTheta,90,92,-0.666494
FixedTheta,90,92.5,-0.66758
FixedTheta,90,93,-0.668937
FixedTheta,90,93.5,-0.670568
FixedTheta,90,94,-0.672478
FixedTheta,90,94.5,-0.674669
FixedTheta,90,95,-0.677147
FixedTheta,90,95.5,-0.679916
FixedTheta,90,96,-0.682983
FixedTheta,90,96.5,-0.686352
FixedTheta,90,97,-0.690032
FixedTheta,90,97.5,-0.694028
FixedTheta,90,98,-0.698349
FixedTheta,90,98.5,-0.703001
FixedTheta,90,99,-0.707993
FixedTheta,90,99.5,-0.713334
FixedTheta,90,100,-0.719031
FixedTheta,90,100.5,-0.725093
FixedTheta,90,101,-0.73153
FixedTheta,90,101.5,-0.73835
FixedTheta,90,102,-0.745563
FixedTheta,90,102.5,-0.753177
FixedTheta,90,103,-0.761202
FixedTheta,90,103.5,-0.769646
FixedTheta,90,104,-0.778519
FixedTheta,90,104.5,-0.787829
FixedTheta,90,105,-0.797585
FixedTheta,90,105.5,-0.807794
FixedTheta,90,106,-0.818464
FixedTheta,90,106.5,-0.829604
FixedTheta,90,107,-0.841219
FixedTheta,90,107.5,-0.853316
FixedTheta,90,108,-0.8659
FixedTheta,90,108.5,-0.878978
FixedTheta,90,109,-0.892554
FixedTheta,90,109.5,-0.906631
FixedTheta,90,110,-0.921212
FixedTheta,90,110.5,-0.9363
FixedTheta,90,111,-0.951896
FixedTheta,90,111.5,-0.968001
FixedTheta,90,112,-0.984613
FixedTheta,90,112.5,-1.00173
FixedTheta,90,113,-1.01935
FixedTheta,90,113.5,-1.03747
FixedTheta,90,114,-1.05609
FixedTheta,90,114.5,-1.0752
FixedTheta,90,115,-1.09478
FixedTheta,90,115.5,-1.11484
FixedTheta,90,116,-1.13536
FixedTheta,90,116.5,-1.15634
FixedTheta,90,117,-1.17776
FixedTheta,90,117.5,-1.1996
FixedTheta,90,118,-1.22185
FixedTheta,90,118.5,-1.2445
FixedTheta,90,119,-1.26752
FixedTheta,90,119.5,-1.29091
FixedTheta,90,120,-1.31463
FixedTheta,90,120.5,-1.33867
FixedTheta,90,121,-1.363
FixedTheta,90,121.5,-1.3876
FixedTheta,90,122,-1.41245
FixedTheta,90,122.5,-1.43751
FixedTheta,90,123,-1.46277
FixedTheta,90,123.5,-1.48818
FixedTheta,90,124,-1.51373
FixedTheta,90,124.5,-1.53938
FixedTheta,90,125,-1.5651
FixedTheta,90,125.5,-1.59086
FixedTheta,90,126,-1.61662
FixedTheta,90,126.5,-1.64235
FixedTheta,90,127,-1.66802
FixedTheta,90,127.5,-1.69359
FixedTheta,90,128,-1.71903
FixedTheta,90,128.5,-1.74431
FixedTheta,90,129,-1.76938
FixedTheta,90,129.5,-1.79421
FixedTheta,90,130,-1.81877
FixedTheta,90,130.5,-1.84302
FixedTheta,90,131,-1.86694
FixedTheta,90,131.5,-1.89048
FixedTheta,90,132,-1.91362
FixedTheta,90,132.5,-1.93632
FixedTheta,90,133,-1.95855
FixedTheta,90,133.5,-1.98029
FixedTheta,90,134,-2.00151
FixedTheta,90,134.5,-2.02217
FixedTheta,90,135,-2.04226
FixedTheta,90,135.5,-2.06175
FixedTheta,90,136,-2.08063
FixedTheta,90,136.5,-2.09886
FixedTheta,90,137,-2.11644
FixedTheta,90,137.5,-2.13335
FixedTheta,90,138,-2.14958
FixedTheta,90,138.5,-2.16512
FixedTheta,90,139,-2.17995
FixedTheta,90,139.5,-2.19407
FixedTheta,90,140,-2.20748
FixedTheta,90,140.5,-2.22018
FixedTheta,90,141,-2.23217
FixedTheta,90,141.5,-2.24345
FixedTheta,90,142,-2.25403
FixedTheta,90,142.5,-2.26391
FixedTheta,90,143,-2.27312
FixedTheta,90,143.5,-2.28165
FixedTheta,90,144,-2.28952
FixedTheta,90,144.5,-2.29676
FixedTheta,90,145,-2.30337
FixedTheta,90,145.5,-2.30939
FixedTheta,90,146,-2.31483
FixedTheta,90,146.5,-2.31972
FixedTheta,90,147,-2.32408
FixedTheta,90,147.5,-2.32794
FixedTheta,90,148,-2.33134
FixedTheta,90,148.5,-2.33429
FixedTheta,90,149,-2.33683
FixedTheta,90,149.5,-2.339
FixedTheta,90,150,-2.34082
FixedTheta,90,150.5,-2.34233
FixedTheta,90,151,-2.34356
FixedTheta,90,151.5,-2.34455
FixedTheta,90,152,-2.34533
FixedTheta,90,152.5,-2.34594
FixedTheta,90,153,-2.34641
FixedTheta,90,153.5,-2.34678
FixedTheta,90,154,-2.34708
FixedTheta,90,154.5,-2.34735
FixedTheta,90,155,-2.34763
FixedTheta,90,155.5,-2.34794
FixedTheta,90,156,-2.34833
FixedTheta,90,156.5,-2.34882
FixedTheta,90,157,-2.34945
FixedTheta,90,157.5,-2.35026
FixedTheta,90,158,-2.35127
FixedTheta,90,158.5,-2.35252
FixedTheta,90,159,-2.35403
FixedTheta,90,159.5,-2.35584
FixedTheta,90,160,-2.35797
FixedTheta,90,160.5,-2.36046
FixedTheta,90,161,-2.36333
FixedTheta,90,161.5,-2.36661
FixedTheta,90,162,-2.37033
FixedTheta,90,162.5,-2.3745
FixedTheta,90,163,-2.37915
FixedTheta,90,163.5,-2.3843
FixedTheta,90,164,-2.38998
FixedTheta,90,164.5,-2.39621
FixedTheta,90,165,-2.403
FixedTheta,90,165.5,-2.41038
FixedTheta,90,166,-2.41835
FixedTheta,90,166.5,-2.42694
FixedTheta,90,167,-2.43617
FixedTheta,90,167.5,-2.44603
FixedTheta,90,168,-2.45655
FixedTheta,90,168.5,-2.46774
FixedTheta,90,169,-2.47961
FixedTheta,90,169.5,-2.49216
FixedTheta,90,170,-2.5054
FixedTheta,90,170.5,-2.51934
FixedTheta,90,171,-2.53398
FixedTheta,90,171.5,-2.54933
FixedTheta,90,172,-2.56538
FixedTheta,90,172.5,-2.58214
FixedTheta,90,173,-2.59959
FixedTheta,90,173.5,-2.61775
FixedTheta,90,174,-2.6366
FixedTheta,90,174.5,-2.65613
FixedTheta,90,175,-2.67635
FixedTheta,90,175.5,-2.69722
FixedTheta,90,176,-2.71875
FixedTheta,90,176.5,-2.74092
FixedTheta,90,177,-2.76371
FixedTheta,90,177.5,-2.7871
FixedTheta,90,178,-2.81108
FixedTheta,90,178.5,-2.83561
FixedTheta,90,179,-2.86067
FixedTheta,90,179.5,-2.88624
FixedTheta,90,180,-2.91228
FixedTheta,90,180.5,-2.93876
FixedTheta,90,181,-2.96564
FixedTheta,90,181.5,-2.9929
FixedTheta,90,182,-3.02048
FixedTheta,90,182.5,-3.04834
FixedTheta,90,183,-3.07645
FixedTheta,90,183.5,-3.10474
FixedTheta,90,184,-3.13318
FixedTheta,90,184.5,-3.1617
FixedTheta,90,185,-3.19026
FixedTheta,90,185.5,-3.21878
FixedTheta,90,186,-3.24721
FixedTheta,90,186.5,-3.27549
FixedTheta,90,187,-3.30355
FixedTheta,90,187.5,-3.33133
FixedTheta,90,188,-3.35874
FixedTheta,90,188.5,-3.38571
FixedTheta,90,189,-3.41218
FixedTheta,90,189.5,-3.43807
FixedTheta,90,190,-3.46328
FixedTheta,90,190.5,-3.48775
FixedTheta,90,191,-3.5114
FixedTheta,90,191.5,-3.53413
FixedTheta,90,192,-3.55587
FixedTheta,90,192.5,-3.57653
FixedTheta,90,193,-3.59603
FixedTheta,90,193.5,-3.61429
FixedTheta,90,194,-3.63121
FixedTheta,90,194.5,-3.64672
FixedTheta,90,195,-3.66073
FixedTheta,90,195.5,-3.67318
FixedTheta,90,196,-3.68397
FixedTheta,90,196.5,-3.69303
FixedTheta,90,197,-3.7003
FixedTheta,90,197.5,-3.7057
FixedTheta,90,198,-3.70916
FixedTheta,90,198.5,-3.71064
FixedTheta,90,199,-3.71007
FixedTheta,90,199.5,-3.7074
FixedTheta,90,200,-3.70258
FixedTheta,90,200.5,-3.69559
FixedTheta,90,201,-3.68637
FixedTheta,90,201.5,-3.67491
FixedTheta,90,202,-3.66118
FixedTheta,90,202.5,-3.64517
FixedTheta,90,203,-3.62687
FixedTheta,90,203.5,-3.60627
FixedTheta,90,204,-3.5834
FixedTheta,90,204.5,-3.55825
FixedTheta,90,205,-3.53085
FixedTheta,90,205.5,-3.50122
FixedTheta,90,206,-3.4694
FixedTheta,90,206.5,-3.43542
FixedTheta,90,207,-3.39932
FixedTheta,90,207.5,-3.36117
FixedTheta,90,208,-3.321
FixedTheta,90,208.5,-3.27889
FixedTheta,90,209,-3.2349
FixedTheta,90,209.5,-3.18909
FixedTheta,90,210,-3.14154
FixedTheta,90,210.5,-3.09233
FixedTheta,90,211,-3.04154
FixedTheta,90,211.5,-2.98923
FixedTheta,90,212,-2.93551
FixedTheta,90,212.5,-2.88045
FixedTheta,90,213,-2.82415
FixedTheta,90,213.5,-2.76668
FixedTheta,90,214,-2.70814
FixedTheta,90,214.5,-2.64861
FixedTheta,90,215,-2.58819
FixedTheta,90,215.5,-2.52695
FixedTheta,90,216,-2.46499
FixedTheta,90,216.5,-2.40238
FixedTheta,90,217,-2.33922
FixedTheta,90,217.5,-2.27559
FixedTheta,90,218,-2.21156
FixedTheta,90,218.5,-2.14722
FixedTheta,90,219,-2.08263
FixedTheta,90,219.5,-2.01788
FixedTheta,90,220,-1.95304
FixedTheta,90,220.5,-1.88817
FixedTheta,90,221,-1.82334
FixedTheta,90,221.5,-1.75862
FixedTheta,90,222,-1.69406
FixedTheta,90,222.5,-1.62973
FixedTheta,90,223,-1.56568
FixedTheta,90,223.5,-1.50196
FixedTheta,90,224,-1.43863
FixedTheta,90,224.5,-1.37573
FixedTheta,90,225,-1.31331
FixedTheta,90,225.5,-1.25141
FixedTheta,90,226,-1.19008
FixedTheta,90,226.5,-1.12934
FixedTheta,90,227,-1.06923
FixedTheta,90,227.5,-1.0098
FixedTheta,90,228,-0.951061
FixedTheta,90,228.5,-0.89305
FixedTheta,90,229,-0.835793
FixedTheta,90,229.5,-0.779312
FixedTheta,90,230,-0.723631
FixedTheta,90,230.5,-0.668769
FixedTheta,90,231,-0.614744
FixedTheta,90,231.5,-0.561573
FixedTheta,90,232,-0.509271
FixedTheta,90,232.5,-0.45785
FixedTheta,90,233,-0.407321
FixedTheta,90,233.5,-0.357695
FixedTheta,90,234,-0.30898
FixedTheta,90,234.5,-0.261182
FixedTheta,90,235,-0.214306
FixedTheta,90,235.5,-0.168358
FixedTheta,90,236,-0.12334
FixedTheta,90,236.5,-0.079254
FixedTheta,90,237,-0.0361002
FixedTheta,90,237.5,0.00612155
FixedTheta,90,238,0.0474126
FixedTheta,90,238.5,0.0877753
FixedTheta,90,239,0.127213
FixedTheta,90,239.5,0.165729
FixedTheta,90,240,0.203329
FixedTheta,90,240.5,0.240018
FixedTheta,90,241,0.275803
FixedTheta,90,241.5,0.31069
FixedTheta,90,242,0.344687
FixedTheta,90,242.5,0.377802
FixedTheta,90,243,0.410044
FixedTheta,90,243.5,0.44142
FixedTheta,90,244,0.471942
FixedTheta,90,244.5,0.501618
FixedTheta,90,245,0.53046
FixedTheta,90,245.5,0.558476
FixedTheta,90,246,0.585679
FixedTheta,90,246.5,0.61208
FixedTheta,90,247,0.637689
FixedTheta,90,247.5,0.662518
FixedTheta,90,248,0.686578
FixedTheta,90,248.5,0.709882
FixedTheta,90,249,0.732442
FixedTheta,90,249.5,0.754269
FixedTheta,90,250,0.775375
FixedTheta,90,250.5,0.795772
FixedTheta,90,251,0.815473
FixedTheta,90,251.5,0.834488
FixedTheta,90,252,0.852832
FixedTheta,90,252.5,0.870514
FixedTheta,90,253,0.887547
FixedTheta,90,253.5,0.903943
FixedTheta,90,254,0.919713
FixedTheta,90,254.5,0.934868
FixedTheta,90,255,0.94942
FixedTheta,90,255.5,0.96338
FixedTheta,90,256,0.976759
FixedTheta,90,256.5,0.989567
FixedTheta,90,257,1.00182
FixedTheta,90,257.5,1.01351
FixedTheta,90,258,1.02467
FixedTheta,90,258.5,1.0353
FixedTheta,90,259,1.0454
FixedTheta,90,259.5,1.055
FixedTheta,90,260,1.06409
FixedTheta,90,260.5,1.07268
FixedTheta,90,261,1.08079
FixedTheta,90,261.5,1.08842
FixedTheta,90,262,1.09557
FixedTheta,90,262.5,1.10227
FixedTheta,90,263,1.1085
FixedTheta,90,263.5,1.11428
FixedTheta,90,264,1.11961
FixedTheta,90,264.5,1.12451
FixedTheta,90,265,1.12896
FixedTheta,90,265.5,1.13299
FixedTheta,90,266,1.13659
FixedTheta,90,266.5,1.13976
FixedTheta,90,267,1.14252
FixedTheta,90,267.5,1.14486
FixedTheta,90,268,1.14678
FixedTheta,90,268.5,1.14829
FixedTheta,90,269,1.14938
FixedTheta,90,269.5,1.15007
FixedTheta,90,270,1.15035
FixedTheta,90,270.5,1.15022
FixedTheta,90,271,1.14967
FixedTheta,90,271.5,1.14872
FixedTheta,90,272,1.14735
FixedTheta,90,272.5,1.14557
FixedTheta,90,273,1.14338
FixedTheta,90,273.5,1.14076
FixedTheta,90,274,1.13772
FixedTheta,90,274.5,1.13426
FixedTheta,90,275,1.13037
FixedTheta,90,275.5,1.12604
FixedTheta,90,276,1.12128
FixedTheta,90,276.5,1.11607
FixedTheta,90,277,1.11041
FixedTheta,90,277.5,1.1043
FixedTheta,90,278,1.09772
FixedTheta,90,278.5,1.09067
FixedTheta,90,279,1.08314
FixedTheta,90,279.5,1.07513
FixedTheta,90,280,1.06663
FixedTheta,90,280.5,1.05762
FixedTheta,90,281,1.0481
FixedTheta,90,281.5,1.03806
FixedTheta,90,282,1.02749
FixedTheta,90,282.5,1.01638
FixedTheta,90,283,1.00472
FixedTheta,90,283.5,0.992502
FixedTheta,90,284,0.979707
FixedTheta,90,284.5,0.966329
FixedTheta,90,285,0.952356
FixedTheta,90,285.5,0.937776
FixedTheta,90,286,0.922578
FixedTheta,90,286.5,0.906749
FixedTheta,90,287,0.890277
FixedTheta,90,287.5,0.873149
FixedTheta,90,288,0.855354
FixedTheta,90,288.5,0.836878
FixedTheta,90,289,0.817708
FixedTheta,90,289.5,0.797833
FixedTheta,90,290,0.777239
FixedTheta,90,290.5,0.755913
FixedTheta,90,291,0.733842
FixedTheta,90,291.5,0.711014
FixedTheta,90,292,0.687416
FixedTheta,90,292.5,0.663036
FixedTheta,90,293,0.637861
FixedTheta,90,293.5,0.611878
FixedTheta,90,294,0.585076
FixedTheta,90,294.5,0.557443
FixedTheta,90,295,0.528967
FixedTheta,90,295.5,0.499637
FixedTheta,90,296,0.469442
FixedTheta,90,296.5,0.438372
FixedTheta,90,297,0.406416
FixedTheta,90,297.5,0.373565
FixedTheta,90,298,0.339809
FixedTheta,90,298.5,0.30514
FixedTheta,90,299,0.26955
FixedTheta,90,299.5,0.233031
FixedTheta,90,300,0.195577
FixedTheta,90,300.5,0.157181
FixedTheta,90,301,0.117838
FixedTheta,90,301.5,0.0775431
FixedTheta,90,302,0.0362933
FixedTheta,90,302.5,-0.00591457
FixedTheta,90,303,-0.0490823
FixedTheta,90,303.5,-0.0932108
FixedTheta,90,304,-0.1383
FixedTheta,90,304.5,-0.184348
FixedTheta,90,305,-0.231353
FixedTheta,90,305.5,-0.279311
FixedTheta,90,306,-0.328216
FixedTheta,90,306.5,-0.378063
FixedTheta,90,307,-0.428844
FixedTheta,90,307.5,-0.480549
FixedTheta,90,308,-0.533167
FixedTheta,90,308.5,-0.586687
FixedTheta,90,309,-0.641093
FixedTheta,90,309.5,-0.69637
FixedTheta,90,310,-0.752501
FixedTheta,90,310.5,-0.809465
FixedTheta,90,311,-0.867241
FixedTheta,90,311.5,-0.925805
FixedTheta,90,312,-0.985132
FixedTheta,90,312.5,-1.04519
FixedTheta,90,313,-1.10596
FixedTheta,90,313.5,-1.1674
FixedTheta,90,314,-1.22948
FixedTheta,90,314.5,-1.29215
FixedTheta,90,315,-1.35539
FixedTheta,90,315.5,-1.41914
FixedTheta,90,316,-1.48337
FixedTheta,90,316.5,-1.54802
FixedTheta,90,317,-1.61305
FixedTheta,90,317.5,-1.6784
FixedTheta,90,318,-1.74402
FixedTheta,90,318.5,-1.80985
FixedTheta,90,319,-1.87582
FixedTheta,90,319.5,-1.94188
FixedTheta,90,320,-2.00795
FixedTheta,90,320.5,-2.07398
FixedTheta,90,321,-2.13987
FixedTheta,90,321.5,-2.20557
FixedTheta,90,322,-2.27099
FixedTheta,90,322.5,-2.33606
FixedTheta,90,323,-2.40069
FixedTheta,90,323.5,-2.46481
FixedTheta,90,324,-2.52831
FixedTheta,90,324.5,-2.59113
FixedTheta,90,325,-2.65316
FixedTheta,90,325.5,-2.71433
FixedTheta,90,326,-2.77453
FixedTheta,90,326.5,-2.83369
FixedTheta,90,327,-2.8917
FixedTheta,90,327.5,-2.94848
FixedTheta,90,328,-3.00394
FixedTheta,90,328.5,-3.05798
FixedTheta,90,329,-3.11052
FixedTheta,90,329.5,-3.16147
FixedTheta,90,330,-3.21075
FixedTheta,90,330.5,-3.25828
FixedTheta,90,331,-3.30397
FixedTheta,90,331.5,-3.34776
FixedTheta,90,332,-3.38957
FixedTheta,90,332.5,-3.42933
FixedTheta,90,333,-3.46698
FixedTheta,90,333.5,-3.50248
FixedTheta,90,334,-3.53576
FixedTheta,90,334.5,-3.56678
FixedTheta,90,335,-3.5955
FixedTheta,90,335.5,-3.62189
FixedTheta,90,336,-3.64593
FixedTheta,90,336.5,-3.6676
FixedTheta,90,337,-3.68689
FixedTheta,90,337.5,-3.70379
FixedTheta,90,338,-3.71831
FixedTheta,90,338.5,-3.73045
FixedTheta,90,339,-3.74024
FixedTheta,90,339.5,-3.7477
FixedTheta,90,340,-3.75286
FixedTheta,90,340.5,-3.75576
FixedTheta,90,341,-3.75644
FixedTheta,90,341.5,-3.75495
FixedTheta,90,342,-3.75136
FixedTheta,90,342.5,-3.74571
FixedTheta,90,343,-3.73807
FixedTheta,90,343.5,-3.72853
FixedTheta,90,344,-3.71714
FixedTheta,90,344.5,-3.70398
FixedTheta,90,345,-3.68915
FixedTheta,90,345.5,-3.67271
FixedTheta,90,346,-3.65475
FixedTheta,90,346.5,-3.63536
FixedTheta,90,347,-3.61464
FixedTheta,90,347.5,-3.59265
FixedTheta,90,348,-3.56951
FixedTheta,90,348.5,-3.54528
FixedTheta,90,349,-3.52007
FixedTheta,90,349.5,-3.49396
FixedTheta,90,350,-3.46704
FixedTheta,90,350.5,-3.43939
FixedTheta,90,351,-3.4111
FixedTheta,90,351.5,-3.38225
FixedTheta,90,352,-3.35292
FixedTheta,90,352.5,-3.3232
FixedTheta,90,353,-3.29314
FixedTheta,90,353.5,-3.26284
FixedTheta,90,354,-3.23236
FixedTheta,90,354.5,-3.20177
FixedTheta,90,355,-3.17114
FixedTheta,90,355.5,-3.14052
FixedTheta,90,356,-3.10999
FixedTheta,90,356.5,-3.0796
FixedTheta,90,357,-3.0494
FixedTheta,90,357.5,-3.01945
FixedTheta,90,358,-2.98979
FixedTheta,90,358.5,-2.96048
FixedTheta,90,359,-2.93155
FixedTheta,90,359.5,-2.90305
FixedTheta,90,360,-2.87502
FixedTheta,105,0,-4.71512
FixedTheta,105,0.5,-4.68018
FixedTheta,105,1,-4.64561
FixedTheta,105,1.5,-4.61146
FixedTheta,105,2,-4.57775
FixedTheta,105,2.5,-4.54453
FixedTheta,105,3,-4.51182
FixedTheta,105,3.5,-4.47965
FixedTheta,105,4,-4.44805
FixedTheta,105,4.5,-4.41705
FixedTheta,105,5,-4.38667
FixedTheta,105,5.5,-4.35694
FixedTheta,105,6,-4.32786
FixedTheta,105,6.5,-4.29946
FixedTheta,105,7,-4.27175
FixedTheta,105,7.5,-4.24476
FixedTheta,105,8,-4.21849
FixedTheta,105,8.5,-4.19294
FixedTheta,105,9,-4.16814
FixedTheta,105,9.5,-4.14409
FixedTheta,105,10,-4.12079
FixedTheta,105,10.5,-4.09824
FixedTheta,105,11,-4.07646
FixedTheta,105,11.5,-4.05544
FixedTheta,105,12,-4.03518
FixedTheta,105,12.5,-4.01567
FixedTheta,105,13,-3.99692
FixedTheta,105,13.5,-3.97891
FixedTheta,105,14,-3.96164
FixedTheta,105,14.5,-3.94511
FixedTheta,105,15,-3.92929
FixedTheta,105,15.5,-3.91418
FixedTheta,105,16,-3.89977
FixedTheta,105,16.5,-3.88603
FixedTheta,105,17,-3.87296
FixedTheta,105,17.5,-3.86053
FixedTheta,105,18,-3.84872
FixedTheta,105,18.5,-3.83751
FixedTheta,105,19,-3.82688
FixedTheta,105,19.5,-3.8168
FixedTheta,105,20,-3.80724
FixedTheta,105,20.5,-3.79818
FixedTheta,105,21,-3.78959
FixedTheta,105,21.5,-3.78143
FixedTheta,105,22,-3.77367
FixedTheta,105,22.5,-3.76627
FixedTheta,105,23,-3.75921
FixedTheta,105,23.5,-3.75244
FixedTheta,105,24,-3.74592
FixedTheta,105,24.5,-3.73961
FixedTheta,105,25,-3.73348
FixedTheta,105,25.5,-3.72748
FixedTheta,105,26,-3.72156
FixedTheta,105,26.5,-3.71569
FixedTheta,105,27,-3.70981
FixedTheta,105,27.5,-3.70388
FixedTheta,105,28,-3.69786
FixedTheta,105,28.5,-3.6917
FixedTheta,105,29,-3.68534
FixedTheta,105,29.5,-3.67876
FixedTheta,105,30,-3.67189
FixedTheta,105,30.5,-3.66469
FixedTheta,105,31,-3.65711
FixedTheta,105,31.5,-3.64912
FixedTheta,105,32,-3.64066
FixedTheta,105,32.5,-3.6317
FixedTheta,105,33,-3.62218
FixedTheta,105,33.5,-3.61208
FixedTheta,105,34,-3.60134
FixedTheta,105,34.5,-3.58994
FixedTheta,105,35,-3.57784
FixedTheta,105,35.5,-3.565
FixedTheta,105,36,-3.5514
FixedTheta,105,36.5,-3.537
FixedTheta,105,37,-3.52179
FixedTheta,105,37.5,-3.50574
FixedTheta,105,38,-3.48883
FixedTheta,105,38.5,-3.47104
FixedTheta,105,39,-3.45236
FixedTheta,105,39.5,-3.43278
FixedTheta,105,40,-3.4123
FixedTheta,105,40.5,-3.39091
FixedTheta,105,41,-3.36861
FixedTheta,105,41.5,-3.3454
FixedTheta,105,42,-3.3213
FixedTheta,105,42.5,-3.2963
FixedTheta,105,43,-3.27043
FixedTheta,105,43.5,-3.24371
FixedTheta,105,44,-3.21614
FixedTheta,105,44.5,-3.18775
FixedTheta,105,45,-3.15857
FixedTheta,105,45.5,-3.12863
FixedTheta,105,46,-3.09794
FixedTheta,105,46.5,-3.06656
FixedTheta,105,47,-3.03451
FixedTheta,105,47.5,-3.00182
FixedTheta,105,48,-2.96853
FixedTheta,105,48.5,-2.9347
FixedTheta,105,49,-2.90034
FixedTheta,105,49.5,-2.86551
FixedTheta,105,50,-2.83025
FixedTheta,105,50.5,-2.79461
FixedTheta,105,51,-2.75862
FixedTheta,105,51.5,-2.72233
FixedTheta,105,52,-2.68578
FixedTheta,105,52.5,-2.64903
FixedTheta,105,53,-2.61211
FixedTheta,105,53.5,-2.57506
FixedTheta,105,54,-2.53794
FixedTheta,105,54.5,-2.50078
FixedTheta,105,55,-2.46363
FixedTheta,105,55.5,-2.42652
FixedTheta,105,56,-2.3895
FixedTheta,105,56.5,-2.35261
FixedTheta,105,57,-2.31588
FixedTheta,105,57.5,-2.27935
FixedTheta,105,58,-2.24306
FixedTheta,105,58.5,-2.20704
FixedTheta,105,59,-2.17133
FixedTheta,105,59.5,-2.13594
FixedTheta,105,60,-2.10093
FixedTheta,105,60.5,-2.0663
FixedTheta,105,61,-2.03209
FixedTheta,105,61.5,-1.99833
FixedTheta,105,62,-1.96504
FixedTheta,105,62.5,-1.93223
FixedTheta,105,63,-1.89994
FixedTheta,105,63.5,-1.86818
FixedTheta,105,64,-1.83696
FixedTheta,105,64.5,-1.80631
FixedTheta,105,65,-1.77623
FixedTheta,105,65.5,-1.74675
FixedTheta,105,66,-1.71786
FixedTheta,105,66.5,-1.68959
FixedTheta,105,67,-1.66195
FixedTheta,105,67.5,-1.63493
FixedTheta,105,68,-1.60855
FixedTheta,105,68.5,-1.58281
FixedTheta,105,69,-1.55772
FixedTheta,105,69.5,-1.53328
FixedTheta,105,70,-1.50949
FixedTheta,105,70.5,-1.48636
FixedTheta,105,71,-1.46387
FixedTheta,105,71.5,-1.44204
FixedTheta,105,72,-1.42087
FixedTheta,105,72.5,-1.40034
FixedTheta,105,73,-1.38046
FixedTheta,105,73.5,-1.36122
FixedTheta,105,74,-1.34262
FixedTheta,105,74.5,-1.32466
FixedTheta,105,75,-1.30732
FixedTheta,105,75.5,-1.29061
FixedTheta,105,76,-1.27451
FixedTheta,105,76.5,-1.25903
FixedTheta,105,77,-1.24415
FixedTheta,105,77.5,-1.22987
FixedTheta,105,78,-1.21618
FixedTheta,105,78.5,-1.20307
FixedTheta,105,79,-1.19053
FixedTheta,105,79.5,-1.17857
FixedTheta,105,80,-1.16716
FixedTheta,105,80.5,-1.15631
FixedTheta,105,81,-1.14601
FixedTheta,105,81.5,-1.13624
FixedTheta,105,82,-1.127
FixedTheta,105,82.5,-1.11829
FixedTheta,105,83,-1.1101
FixedTheta,105,83.5,-1.10242
FixedTheta,105,84,-1.09525
FixedTheta,105,84.5,-1.08857
FixedTheta,105,85,-1.08239
FixedTheta,105,85.5,-1.07671
FixedTheta,105,86,-1.0715
FixedTheta,105,86.5,-1.06678
FixedTheta,105,87,-1.06254
FixedTheta,105,87.5,-1.05878
FixedTheta,105,88,-1.05549
FixedTheta,105,88.5,-1.05267
FixedTheta,105,89,-1.05032
FixedTheta,105,89.5,-1.04843
FixedTheta,105,90,-1.04702
FixedTheta,105,90.5,-1.04608
FixedTheta,105,91,-1.04561
FixedTheta,105,91.5,-1.04562
FixedTheta,105,92,-1.04609
FixedTheta,105,92.5,-1.04705
FixedTheta,105,93,-1.04849
FixedTheta,105,93.5,-1.05041
FixedTheta,105,94,-1.05282
FixedTheta,105,94.5,-1.05573
FixedTheta,105,95,-1.05914
FixedTheta,105,95.5,-1.06305
FixedTheta,105,96,-1.06748
FixedTheta,105,96.5,-1.07243
FixedTheta,105,97,-1.07791
FixedTheta,105,97.5,-1.08392
FixedTheta,105,98,-1.09048
FixedTheta,105,98.5,-1.09759
FixedTheta,105,99,-1.10527
FixedTheta,105,99.5,-1.11351
FixedTheta,105,100,-1.12234
FixedTheta,105,100.5,-1.13176
FixedTheta,105,101,-1.14178
FixedTheta,105,101.5,-1.15241
FixedTheta,105,102,-1.16366
FixedTheta,105,102.5,-1.17555
FixedTheta,105,103,-1.18807
FixedTheta,105,103.5,-1.20125
FixedTheta,105,104,-1.21509
FixedTheta,105,104.5,-1.2296
FixedTheta,105,105,-1.24479
FixedTheta,105,105.5,-1.26067
FixedTheta,105,106,-1.27724
FixedTheta,105,106.5,-1.29453
FixedTheta,105,107,-1.31253
FixedTheta,105,107.5,-1.33124
FixedTheta,105,108,-1.35069
FixedTheta,105,108.5,-1.37087
FixedTheta,105,109,-1.39179
FixedTheta,105,109.5,-1.41346
FixedTheta,105,110,-1.43587
FixedTheta,105,110.5,-1.45902
FixedTheta,105,111,-1.48293
FixedTheta,105,111.5,-1.5076
FixedTheta,105,112,-1.53301
FixedTheta,105,112.5,-1.55917
FixedTheta,105,113,-1.58608
FixedTheta,105,113.5,-1.61373
FixedTheta,105,114,-1.64211
FixedTheta,105,114.5,-1.67122
FixedTheta,105,115,-1.70106
FixedTheta,105,115.5,-1.7316
FixedTheta,105,116,-1.76284
FixedTheta,105,116.5,-1.79477
FixedTheta,105,117,-1.82736
FixedTheta,105,117.5,-1.86061
FixedTheta,105,118,-1.89449
FixedTheta,105,118.5,-1.92899
FixedTheta,105,119,-1.96408
FixedTheta,105,119.5,-1.99974
FixedTheta,105,120,-2.03594
FixedTheta,105,120.5,-2.07265
FixedTheta,105,121,-2.10985
FixedTheta,105,121.5,-2.14751
FixedTheta,105,122,-2.18558
FixedTheta,105,122.5,-2.22405
FixedTheta,105,123,-2.26286
FixedTheta,105,123.5,-2.30198
FixedTheta,105,124,-2.34138
FixedTheta,105,124.5,-2.381
FixedTheta,105,125,-2.42081
FixedTheta,105,125.5,-2.46076
FixedTheta,105,126,-2.50081
FixedTheta,105,126.5,-2.5409
FixedTheta,105,127,-2.581
FixedTheta,105,127.5,-2.62105
FixedTheta,105,128,-2.66099
FixedTheta,105,128.5,-2.70079
FixedTheta,105,129,-2.74039
FixedTheta,105,129.5,-2.77974
FixedTheta,105,130,-2.81878
FixedTheta,105,130.5,-2.85747
FixedTheta,105,131,-2.89575
FixedTheta,105,131.5,-2.93357
FixedTheta,105,132,-2.97089
FixedTheta,105,132.5,-3.00765
FixedTheta,105,133,-3.04381
FixedTheta,105,133.5,-3.07933
FixedTheta,105,134,-3.11415
FixedTheta,105,134.5,-3.14824
FixedTheta,105,135,-3.18155
FixedTheta,105,135.5,-3.21406
FixedTheta,105,136,-3.24571
FixedTheta,105,136.5,-3.27649
FixedTheta,105,137,-3.30637
FixedTheta,105,137.5,-3.33531
FixedTheta,105,138,-3.36329
FixedTheta,105,138.5,-3.39031
FixedTheta,105,139,-3.41633
FixedTheta,105,139.5,-3.44136
FixedTheta,105,140,-3.46537
FixedTheta,105,140.5,-3.48838
FixedTheta,105,141,-3.51037
FixedTheta,105,141.5,-3.53136
FixedTheta,105,142,-3.55135
FixedTheta,105,142.5,-3.57035
FixedTheta,105,143,-3.58838
FixedTheta,105,143.5,-3.60545
FixedTheta,105,144,-3.6216
FixedTheta,105,144.5,-3.63683
FixedTheta,105,145,-3.65119
FixedTheta,105,145.5,-3.6647
FixedTheta,105,146,-3.6774
FixedTheta,105,146.5,-3.68932
FixedTheta,105,147,-3.70051
FixedTheta,105,147.5,-3.711
FixedTheta,105,148,-3.72084
FixedTheta,105,148.5,-3.73008
FixedTheta,105,149,-3.73875
FixedTheta,105,149.5,-3.74691
FixedTheta,105,150,-3.75461
FixedTheta,105,150.5,-3.76189
FixedTheta,105,151,-3.76881
FixedTheta,105,151.5,-3.77541
FixedTheta,105,152,-3.78175
FixedTheta,105,152.5,-3.78787
FixedTheta,105,153,-3.79382
FixedTheta,105,153.5,-3.79966
FixedTheta,105,154,-3.80543
FixedTheta,105,154.5,-3.81118
FixedTheta,105,155,-3.81696
FixedTheta,105,155.5,-3.8228
FixedTheta,105,156,-3.82877
FixedTheta,105,156.5,-3.83489
FixedTheta,105,157,-3.84122
FixedTheta,105,157.5,-3.84779
FixedTheta,105,158,-3.85464
FixedTheta,105,158.5,-3.86181
FixedTheta,105,159,-3.86933
FixedTheta,105,159.5,-3.87725
FixedTheta,105,160,-3.88558
FixedTheta,105,160.5,-3.89436
FixedTheta,105,161,-3.90363
FixedTheta,105,161.5,-3.9134
FixedTheta,105,162,-3.9237
FixedTheta,105,162.5,-3.93457
FixedTheta,105,163,-3.946
FixedTheta,105,163.5,-3.95804
FixedTheta,105,164,-3.97069
FixedTheta,105,164.5,-3.98398
FixedTheta,105,165,-3.99791
FixedTheta,105,165.5,-4.01251
FixedTheta,105,166,-4.02778
FixedTheta,105,166.5,-4.04373
FixedTheta,105,167,-4.06036
FixedTheta,105,167.5,-4.0777
FixedTheta,105,168,-4.09574
FixedTheta,105,168.5,-4.11448
FixedTheta,105,169,-4.13393
FixedTheta,105,169.5,-4.15408
FixedTheta,105,170,-4.17494
FixedTheta,105,170.5,-4.1965
FixedTheta,105,171,-4.21876
FixedTheta,105,171.5,-4.24171
FixedTheta,105,172,-4.26534
FixedTheta,105,172.5,-4.28964
FixedTheta,105,173,-4.31461
FixedTheta,105,173.5,-4.34023
FixedTheta,105,174,-4.36648
FixedTheta,105,174.5,-4.39334
FixedTheta,105,175,-4.42081
FixedTheta,105,175.5,-4.44886
FixedTheta,105,176,-4.47747
FixedTheta,105,176.5,-4.50662
FixedTheta,105,177,-4.53627
FixedTheta,105,177.5,-4.56641
FixedTheta,105,178,-4.59701
FixedTheta,105,178.5,-4.62803
FixedTheta,105,179,-4.65944
FixedTheta,105,179.5,-4.69121
FixedTheta,105,180,-4.72329
FixedTheta,105,180.5,-4.75566
FixedTheta,105,181,-4.78826
FixedTheta,105,181.5,-4.82105
FixedTheta,105,182,-4.854
FixedTheta,105,182.5,-4.88704
FixedTheta,105,183,-4.92012
FixedTheta,105,183.5,-4.9532
FixedTheta,105,184,-4.98622
FixedTheta,105,184.5,-5.01912
FixedTheta,105,185,-5.05183
FixedTheta,105,185.5,-5.0843
FixedTheta,105,186,-5.11646
FixedTheta,105,186.5,-5.14823
FixedTheta,105,187,-5.17956
FixedTheta,105,187.5,-5.21036
FixedTheta,105,188,-5.24056
FixedTheta,105,188.5,-5.27009
FixedTheta,105,189,-5.29886
FixedTheta,105,189.5,-5.3268
FixedTheta,105,190,-5.35382
FixedTheta,105,190.5,-5.37984
FixedTheta,105,191,-5.40477
FixedTheta,105,191.5,-5.42853
FixedTheta,105,192,-5.45103
FixedTheta,105,192.5,-5.47219
FixedTheta,105,193,-5.49192
FixedTheta,105,193.5,-5.51014
FixedTheta,105,194,-5.52675
FixedTheta,105,194.5,-5.54168
FixedTheta,105,195,-5.55485
FixedTheta,105,195.5,-5.56618
FixedTheta,105,196,-5.57558
FixedTheta,105,196.5,-5.58299
FixedTheta,105,197,-5.58834
FixedTheta,105,197.5,-5.59157
FixedTheta,105,198,-5.5926
FixedTheta,105,198.5,-5.59139
FixedTheta,105,199,-5.58788
FixedTheta,105,199.5,-5.58204
FixedTheta,105,200,-5.57382
FixedTheta,105,200.5,-5.56319
FixedTheta,105,201,-5.55014
FixedTheta,105,201.5,-5.53463
FixedTheta,105,202,-5.51666
FixedTheta,105,202.5,-5.49622
FixedTheta,105,203,-5.47334
FixedTheta,105,203.5,-5.448
FixedTheta,105,204,-5.42025
FixedTheta,105,204.5,-5.39009
FixedTheta,105,205,-5.35758
FixedTheta,105,205.5,-5.32274
FixedTheta,105,206,-5.28564
FixedTheta,105,206.5,-5.24632
FixedTheta,105,207,-5.20484
FixedTheta,105,207.5,-5.16128
FixedTheta,105,208,-5.11571
FixedTheta,105,208.5,-5.06821
FixedTheta,105,209,-5.01885
FixedTheta,105,209.5,-4.96772
FixedTheta,105,210,-4.91493
FixedTheta,105,210.5,-4.86055
FixedTheta,105,211,-4.80468
FixedTheta,105,211.5,-4.74742
FixedTheta,105,212,-4.68887
FixedTheta,105,212.5,-4.62914
FixedTheta,105,213,-4.56831
FixedTheta,105,213.5,-4.50649
FixedTheta,105,214,-4.44379
FixedTheta,105,214.5,-4.3803
FixedTheta,105,215,-4.31611
FixedTheta,105,215.5,-4.25134
FixedTheta,105,216,-4.18607
FixedTheta,105,216.5,-4.1204
FixedTheta,105,217,-4.05443
FixedTheta,105,217.5,-3.98823
FixedTheta,105,218,-3.9219
FixedTheta,105,218.5,-3.85552
FixedTheta,105,219,-3.78918
FixedTheta,105,219.5,-3.72295
FixedTheta,105,220,-3.65691
FixedTheta,105,220.5,-3.59113
FixedTheta,105,221,-3.52569
FixedTheta,105,221.5,-3.46064
FixedTheta,105,222,-3.39605
FixedTheta,105,222.5,-3.33199
FixedTheta,105,223,-3.2685
FixedTheta,105,223.5,-3.20564
FixedTheta,105,224,-3.14347
FixedTheta,105,224.5,-3.08203
FixedTheta,105,225,-3.02136
FixedTheta,105,225.5,-2.96151
FixedTheta,105,226,-2.90251
FixedTheta,105,226.5,-2.84441
FixedTheta,105,227,-2.78723
FixedTheta,105,227.5,-2.731
FixedTheta,105,228,-2.67576
FixedTheta,105,228.5,-2.62152
FixedTheta,105,229,-2.56832
FixedTheta,105,229.5,-2.51616
FixedTheta,105,230,-2.46508
FixedTheta,105,230.5,-2.41508
FixedTheta,105,231,-2.36618
FixedTheta,105,231.5,-2.31839
FixedTheta,105,232,-2.27172
FixedTheta,105,232.5,-2.22618
FixedTheta,105,233,-2.18177
FixedTheta,105,233.5,-2.1385
FixedTheta,105,234,-2.09638
FixedTheta,105,234.5,-2.05539
FixedTheta,105,235,-2.01554
FixedTheta,105,235.5,-1.97684
FixedTheta,105,236,-1.93927
FixedTheta,105,236.5,-1.90282
FixedTheta,105,237,-1.8675
FixedTheta,105,237.5,-1.8333
FixedTheta,105,238,-1.80021
FixedTheta,105,238.5,-1.76821
FixedTheta,105,239,-1.7373
FixedTheta,105,239.5,-1.70746
FixedTheta,105,240,-1.67869
FixedTheta,105,240.5,-1.65096
FixedTheta,105,241,-1.62427
FixedTheta,105,241.5,-1.5986
FixedTheta,105,242,-1.57392
FixedTheta,105,242.5,-1.55023
FixedTheta,105,243,-1.52751
FixedTheta,105,243.5,-1.50574
FixedTheta,105,244,-1.48489
FixedTheta,105,244.5,-1.46496
FixedTheta,105,245,-1.44591
FixedTheta,105,245.5,-1.42774
FixedTheta,105,246,-1.41042
FixedTheta,105,246.5,-1.39392
FixedTheta,105,247,-1.37823
FixedTheta,105,247.5,-1.36333
FixedTheta,105,248,-1.34918
FixedTheta,105,248.5,-1.33578
FixedTheta,105,249,-1.3231
FixedTheta,105,249.5,-1.31111
FixedTheta,105,250,-1.29979
FixedTheta,105,250.5,-1.28913
FixedTheta,105,251,-1.27909
FixedTheta,105,251.5,-1.26966
FixedTheta,105,252,-1.26081
FixedTheta,105,252.5,-1.25252
FixedTheta,105,253,-1.24476
FixedTheta,105,253.5,-1.23752
FixedTheta,105,254,-1.23078
FixedTheta,105,254.5,-1.2245
FixedTheta,105,255,-1.21867
FixedTheta,105,255.5,-1.21327
FixedTheta,105,256,-1.20828
FixedTheta,105,256.5,-1.20367
FixedTheta,105,257,-1.19943
FixedTheta,105,257.5,-1.19553
FixedTheta,105,258,-1.19196
FixedTheta,105,258.5,-1.1887
FixedTheta,105,259,-1.18573
FixedTheta,105,259.5,-1.18302
FixedTheta,105,260,-1.18057
FixedTheta,105,260.5,-1.17836
FixedTheta,105,261,-1.17637
FixedTheta,105,261.5,-1.17458
FixedTheta,105,262,-1.17299
FixedTheta,105,262.5,-1.17157
FixedTheta,105,263,-1.17032
FixedTheta,105,263.5,-1.16921
FixedTheta,105,264,-1.16824
FixedTheta,105,264.5,-1.16741
FixedTheta,105,265,-1.16669
FixedTheta,105,265.5,-1.16608
FixedTheta,105,266,-1.16556
FixedTheta,105,266.5,-1.16514
FixedTheta,105,267,-1.16481
FixedTheta,105,267.5,-1.16455
FixedTheta,105,268,-1.16437
FixedTheta,105,268.5,-1.16426
FixedTheta,105,269,-1.16421
FixedTheta,105,269.5,-1.16423
FixedTheta,105,270,-1.16432
FixedTheta,105,270.5,-1.16446
FixedTheta,105,271,-1.16467
FixedTheta,105,271.5,-1.16494
FixedTheta,105,272,-1.16528
FixedTheta,105,272.5,-1.16569
FixedTheta,105,273,-1.16617
FixedTheta,105,273.5,-1.16673
FixedTheta,105,274,-1.16738
FixedTheta,105,274.5,-1.16811
FixedTheta,105,275,-1.16895
FixedTheta,105,275.5,-1.1699
FixedTheta,105,276,-1.17096
FixedTheta,105,276.5,-1.17215
FixedTheta,105,277,-1.17348
FixedTheta,105,277.5,-1.17496
FixedTheta,105,278,-1.1766
FixedTheta,105,278.5,-1.17842
FixedTheta,105,279,-1.18043
FixedTheta,105,279.5,-1.18264
FixedTheta,105,280,-1.18508
FixedTheta,105,280.5,-1.18775
FixedTheta,105,281,-1.19068
FixedTheta,105,281.5,-1.19388
FixedTheta,105,282,-1.19737
FixedTheta,105,282.5,-1.20117
FixedTheta,105,283,-1.2053
FixedTheta,105,283.5,-1.20978
FixedTheta,105,284,-1.21462
FixedTheta,105,284.5,-1.21985
FixedTheta,105,285,-1.22549
FixedTheta,105,285.5,-1.23157
FixedTheta,105,286,-1.23809
FixedTheta,105,286.5,-1.24509
FixedTheta,105,287,-1.25259
FixedTheta,105,287.5,-1.2606
FixedTheta,105,288,-1.26916
FixedTheta,105,288.5,-1.27828
FixedTheta,105,289,-1.28799
FixedTheta,105,289.5,-1.29831
FixedTheta,105,290,-1.30927
FixedTheta,105,290.5,-1.32088
FixedTheta,105,291,-1.33317
FixedTheta,105,291.5,-1.34616
FixedTheta,105,292,-1.35989
FixedTheta,105,292.5,-1.37435
FixedTheta,105,293,-1.3896
FixedTheta,105,293.5,-1.40563
FixedTheta,105,294,-1.42248
FixedTheta,105,294.5,-1.44017
FixedTheta,105,295,-1.45872
FixedTheta,105,295.5,-1.47815
FixedTheta,105,296,-1.49848
FixedTheta,105,296.5,-1.51973
FixedTheta,105,297,-1.54192
FixedTheta,105,297.5,-1.56507
FixedTheta,105,298,-1.5892
FixedTheta,105,298.5,-1.61433
FixedTheta,105,299,-1.64047
FixedTheta,105,299.5,-1.66765
FixedTheta,105,300,-1.69587
FixedTheta,105,300.5,-1.72515
FixedTheta,105,301,-1.75552
FixedTheta,105,301.5,-1.78697
FixedTheta,105,302,-1.81952
FixedTheta,105,302.5,-1.85318
FixedTheta,105,303,-1.88797
FixedTheta,105,303.5,-1.9239
FixedTheta,105,304,-1.96096
FixedTheta,105,304.5,-1.99918
FixedTheta,105,305,-2.03855
FixedTheta,105,305.5,-2.07907
FixedTheta,105,306,-2.12076
FixedTheta,105,306.5,-2.16361
FixedTheta,105,307,-2.20762
FixedTheta,105,307.5,-2.25279
FixedTheta,105,308,-2.29912
FixedTheta,105,308.5,-2.34661
FixedTheta,105,309,-2.39524
FixedTheta,105,309.5,-2.445
FixedTheta,105,310,-2.49589
FixedTheta,105,310.5,-2.5479
FixedTheta,105,311,-2.601
FixedTheta,105,311.5,-2.65518
FixedTheta,105,312,-2.71042
FixedTheta,105,312.5,-2.76671
FixedTheta,105,313,-2.82401
FixedTheta,105,313.5,-2.88229
FixedTheta,105,314,-2.94154
FixedTheta,105,314.5,-3.00171
FixedTheta,105,315,-3.06277
FixedTheta,105,315.5,-3.12468
FixedTheta,105,316,-3.18741
FixedTheta,105,316.5,-3.25091
FixedTheta,105,317,-3.31512
FixedTheta,105,317.5,-3.38001
FixedTheta,105,318,-3.44551
FixedTheta,105,318.5,-3.51157
FixedTheta,105,319,-3.57813
FixedTheta,105,319.5,-3.64513
FixedTheta,105,320,-3.71249
FixedTheta,105,320.5,-3.78016
FixedTheta,105,321,-3.84804
FixedTheta,105,321.5,-3.91608
FixedTheta,105,322,-3.98418
FixedTheta,105,322.5,-4.05226
FixedTheta,105,323,-4.12023
FixedTheta,105,323.5,-4.18801
FixedTheta,105,324,-4.2555
FixedTheta,105,324.5,-4.32261
FixedTheta,105,325,-4.38924
FixedTheta,105,325.5,-4.45528
FixedTheta,105,326,-4.52063
FixedTheta,105,326.5,-4.5852
FixedTheta,105,327,-4.64887
FixedTheta,105,327.5,-4.71154
FixedTheta,105,328,-4.77309
FixedTheta,105,328.5,-4.83343
FixedTheta,105,329,-4.89244
FixedTheta,105,329.5,-4.95002
FixedTheta,105,330,-5.00607
FixedTheta,105,330.5,-5.06047
FixedTheta,105,331,-5.11313
FixedTheta,105,331.5,-5.16394
FixedTheta,105,332,-5.21283
FixedTheta,105,332.5,-5.25968
FixedTheta,105,333,-5.30442
FixedTheta,105,333.5,-5.34697
FixedTheta,105,334,-5.38725
FixedTheta,105,334.5,-5.42518
FixedTheta,105,335,-5.46072
FixedTheta,105,335.5,-5.4938
FixedTheta,105,336,-5.52437
FixedTheta,105,336.5,-5.5524
FixedTheta,105,337,-5.57785
FixedTheta,105,337.5,-5.60069
FixedTheta,105,338,-5.62092
FixedTheta,105,338.5,-5.63852
FixedTheta,105,339,-5.65349
FixedTheta,105,339.5,-5.66585
FixedTheta,105,340,-5.67561
FixedTheta,105,340.5,-5.68279
FixedTheta,105,341,-5.68744
FixedTheta,105,341.5,-5.68958
FixedTheta,105,342,-5.68927
FixedTheta,105,342.5,-5.68657
FixedTheta,105,343,-5.68152
FixedTheta,105,343.5,-5.67421
FixedTheta,105,344,-5.66469
FixedTheta,105,344.5,-5.65305
FixedTheta,105,345,-5.63936
FixedTheta,105,345.5,-5.62372
FixedTheta,105,346,-5.6062
FixedTheta,105,346.5,-5.58689
FixedTheta,105,347,-5.56589
FixedTheta,105,347.5,-5.54329
FixedTheta,105,348,-5.51918
FixedTheta,105,348.5,-5.49365
FixedTheta,105,349,-5.46681
FixedTheta,105,349.5,-5.43874
FixedTheta,105,350,-5.40954
FixedTheta,105,350.5,-5.37929
FixedTheta,105,351,-5.3481
FixedTheta,105,351.5,-5.31605
FixedTheta,105,352,-5.28322
FixedTheta,105,352.5,-5.2497
FixedTheta,105,353,-5.21559
FixedTheta,105,353.5,-5.18095
FixedTheta,105,354,-5.14586
FixedTheta,105,354.5,-5.11041
FixedTheta,105,355,-5.07466
FixedTheta,105,355.5,-5.03869
FixedTheta,105,356,-5.00256
FixedTheta,105,356.5,-4.96634
FixedTheta,105,357,-4.93008
FixedTheta,105,357.5,-4.89387
FixedTheta,105,358,-4.85773
FixedTheta,105,358.5,-4.82174
FixedTheta,105,359,-4.78594
FixedTheta,105,359.5,-4.75039
FixedTheta,105,360,-4.71512
FixedPhi,90,0,3.76108
FixedPhi,90,0.5,3.76504
FixedPhi,90,1,3.76892
FixedPhi,90,1.5,3.77271
FixedPhi,90,2,3.77637
FixedPhi,90,2.5,3.7799
FixedPhi,90,3,3.78328
FixedPhi,90,3.5,3.78647
FixedPhi,90,4,3.78948
FixedPhi,90,4.5,3.79228
FixedPhi,90,5,3.79485
FixedPhi,90,5.5,3.79718
FixedPhi,90,6,3.79926
FixedPhi,90,6.5,3.80107
FixedPhi,90,7,3.80259
FixedPhi,90,7.5,3.80382
FixedPhi,90,8,3.80474
FixedPhi,90,8.5,3.80533
FixedPhi,90,9,3.8056
FixedPhi,90,9.5,3.80552
FixedPhi,90,10,3.8051
FixedPhi,90,10.5,3.80432
FixedPhi,90,11,3.80317
FixedPhi,90,11.5,3.80164
FixedPhi,90,12,3.79974
FixedPhi,90,12.5,3.79745
FixedPhi,90,13,3.79477
FixedPhi,90,13.5,3.79169
FixedPhi,90,14,3.78822
FixedPhi,90,14.5,3.78435
FixedPhi,90,15,3.78007
FixedPhi,90,15.5,3.77538
FixedPhi,90,16,3.77029
FixedPhi,90,16.5,3.76479
FixedPhi,90,17,3.75888
FixedPhi,90,17.5,3.75256
FixedPhi,90,18,3.74584
FixedPhi,90,18.5,3.73871
FixedPhi,90,19,3.73118
FixedPhi,90,19.5,3.72325
FixedPhi,90,20,3.71492
FixedPhi,90,20.5,3.70619
FixedPhi,90,21,3.69706
FixedPhi,90,21.5,3.68755
FixedPhi,90,22,3.67765
FixedPhi,90,22.5,3.66737
FixedPhi,90,23,3.65671
FixedPhi,90,23.5,3.64567
FixedPhi,90,24,3.63426
FixedPhi,90,24.5,3.62249
FixedPhi,90,25,3.61035
FixedPhi,90,25.5,3.59786
FixedPhi,90,26,3.58501
FixedPhi,90,26.5,3.57181
FixedPhi,90,27,3.55827
FixedPhi,90,27.5,3.54439
FixedPhi,90,28,3.53017
FixedPhi,90,28.5,3.51562
FixedPhi,90,29,3.50074
FixedPhi,90,29.5,3.48553
FixedPhi,90,30,3.47001
FixedPhi,90,30.5,3.45416
FixedPhi,90,31,3.438
FixedPhi,90,31.5,3.42152
FixedPhi,90,32,3.40474
FixedPhi,90,32.5,3.38765
FixedPhi,90,33,3.37025
FixedPhi,90,33.5,3.35254
FixedPhi,90,34,3.33453
FixedPhi,90,34.5,3.31622
FixedPhi,90,35,3.29761
FixedPhi,90,35.5,3.27869
FixedPhi,90,36,3.25947
FixedPhi,90,36.5,3.23995
FixedPhi,90,37,3.22013
FixedPhi,90,37.5,3.2
FixedPhi,90,38,3.17956
FixedPhi,90,38.5,3.15882
FixedPhi,90,39,3.13777
FixedPhi,90,39.5,3.1164
FixedPhi,90,40,3.09471
FixedPhi,90,40.5,3.07271
FixedPhi,90,41,3.05038
FixedPhi,90,41.5,3.02773
FixedPhi,90,42,3.00475
FixedPhi,90,42.5,2.98143
FixedPhi,90,43,2.95777
FixedPhi,90,43.5,2.93376
FixedPhi,90,44,2.90941
FixedPhi,90,44.5,2.8847
FixedPhi,90,45,2.85963
FixedPhi,90,45.5,2.8342
FixedPhi,90,46,2.80839
FixedPhi,90,46.5,2.7822
FixedPhi,90,47,2.75563
FixedPhi,90,47.5,2.72867
FixedPhi,90,48,2.70132
FixedPhi,90,48.5,2.67356
FixedPhi,90,49,2.64539
FixedPhi,90,49.5,2.61681
FixedPhi,90,50,2.58781
FixedPhi,90,50.5,2.55839
FixedPhi,90,51,2.52853
FixedPhi,90,51.5,2.49823
FixedPhi,90,52,2.46749
FixedPhi,90,52.5,2.43631
FixedPhi,90,53,2.40467
FixedPhi,90,53.5,2.37257
FixedPhi,90,54,2.34002
FixedPhi,90,54.5,2.30699
FixedPhi,90,55,2.2735
FixedPhi,90,55.5,2.23953
FixedPhi,90,56,2.20509
FixedPhi,90,56.5,2.17017
FixedPhi,90,57,2.13477
FixedPhi,90,57.5,2.09888
FixedPhi,90,58,2.06252
FixedPhi,90,58.5,2.02567
FixedPhi,90,59,1.98834
FixedPhi,90,59.5,1.95052
FixedPhi,90,60,1.91223
FixedPhi,90,60.5,1.87346
FixedPhi,90,61,1.83421
FixedPhi,90,61.5,1.79449
FixedPhi,90,62,1.7543
FixedPhi,90,62.5,1.71365
FixedPhi,90,63,1.67254
FixedPhi,90,63.5,1.63099
FixedPhi,90,64,1.58899
FixedPhi,90,64.5,1.54656
FixedPhi,90,65,1.5037
FixedPhi,90,65.5,1.46043
FixedPhi,90,66,1.41676
FixedPhi,90,66.5,1.37271
FixedPhi,90,67,1.32827
FixedPhi,90,67.5,1.28347
FixedPhi,90,68,1.23833
FixedPhi,90,68.5,1.19286
FixedPhi,90,69,1.14708
FixedPhi,90,69.5,1.101
FixedPhi,90,70,1.05465
FixedPhi,90,70.5,1.00806
FixedPhi,90,71,0.961227
FixedPhi,90,71.5,0.914194
FixedPhi,90,72,0.86698
FixedPhi,90,72.5,0.819612
FixedPhi,90,73,0.772115
FixedPhi,90,73.5,0.724519
FixedPhi,90,74,0.676852
FixedPhi,90,74.5,0.629146
FixedPhi,90,75,0.581431
FixedPhi,90,75.5,0.533741
FixedPhi,90,76,0.486109
FixedPhi,90,76.5,0.438571
FixedPhi,90,77,0.391162
FixedPhi,90,77.5,0.343919
FixedPhi,90,78,0.29688
FixedPhi,90,78.5,0.250084
FixedPhi,90,79,0.203569
FixedPhi,90,79.5,0.157378
FixedPhi,90,80,0.111549
FixedPhi,90,80.5,0.0661248
FixedPhi,90,81,0.0211473
FixedPhi,90,81.5,-0.0233414
FixedPhi,90,82,-0.0672987
FixedPhi,90,82.5,-0.110682
FixedPhi,90,83,-0.153449
FixedPhi,90,83.5,-0.195556
FixedPhi,90,84,-0.236962
FixedPhi,90,84.5,-0.277625
FixedPhi,90,85,-0.317504
FixedPhi,90,85.5,-0.356557
FixedPhi,90,86,-0.394746
FixedPhi,90,86.5,-0.432032
FixedPhi,90,87,-0.468377
FixedPhi,90,87.5,-0.503747
FixedPhi,90,88,-0.538107
FixedPhi,90,88.5,-0.571424
FixedPhi,90,89,-0.603668
FixedPhi,90,89.5,-0.634812
FixedPhi,90,90,-0.664829
FixedPhi,90,90.5,-0.693697
FixedPhi,90,91,-0.721395
FixedPhi,90,91.5,-0.747905
FixedPhi,90,92,-0.773213
FixedPhi,90,92.5,-0.797308
FixedPhi,90,93,-0.820182
FixedPhi,90,93.5,-0.84183
FixedPhi,90,94,-0.862251
FixedPhi,90,94.5,-0.881448
FixedPhi,90,95,-0.899428
FixedPhi,90,95.5,-0.9162
FixedPhi,90,96,-0.931779
FixedPhi,90,96.5,-0.946183
FixedPhi,90,97,-0.959433
FixedPhi,90,97.5,-0.971556
FixedPhi,90,98,-0.982581
FixedPhi,90,98.5,-0.992542
FixedPhi,90,99,-1.00148
FixedPhi,90,99.5,-1.00943
FixedPhi,90,100,-1.01643
FixedPhi,90,100.5,-1.02255
FixedPhi,90,101,-1.02782
FixedPhi,90,101.5,-1.03231
FixedPhi,90,102,-1.03607
FixedPhi,90,102.5,-1.03917
FixedPhi,90,103,-1.04166
FixedPhi,90,103.5,-1.04363
FixedPhi,90,104,-1.04513
FixedPhi,90,104.5,-1.04623
FixedPhi,90,105,-1.04702
FixedPhi,90,105.5,-1.04758
FixedPhi,90,106,-1.04797
FixedPhi,90,106.5,-1.04828
FixedPhi,90,107,-1.0486
FixedPhi,90,107.5,-1.04901
FixedPhi,90,108,-1.0496
FixedPhi,90,108.5,-1.05044
FixedPhi,90,109,-1.05164
FixedPhi,90,109.5,-1.05328
FixedPhi,90,110,-1.05546
FixedPhi,90,110.5,-1.05826
FixedPhi,90,111,-1.06177
FixedPhi,90,111.5,-1.0661
FixedPhi,90,112,-1.07134
FixedPhi,90,112.5,-1.07758
FixedPhi,90,113,-1.08492
FixedPhi,90,113.5,-1.09345
FixedPhi,90,114,-1.10328
FixedPhi,90,114.5,-1.1145
FixedPhi,90,115,-1.12721
FixedPhi,90,115.5,-1.14151
FixedPhi,90,116,-1.1575
FixedPhi,90,116.5,-1.17529
FixedPhi,90,117,-1.19496
FixedPhi,90,117.5,-1.21664
FixedPhi,90,118,-1.24042
FixedPhi,90,118.5,-1.2664
FixedPhi,90,119,-1.2947
FixedPhi,90,119.5,-1.32542
FixedPhi,90,120,-1.35868
FixedPhi,90,120.5,-1.39457
FixedPhi,90,121,-1.43322
FixedPhi,90,121.5,-1.47474
FixedPhi,90,122,-1.51925
FixedPhi,90,122.5,-1.56686
FixedPhi,90,123,-1.6177
FixedPhi,90,123.5,-1.6719
FixedPhi,90,124,-1.72958
FixedPhi,90,124.5,-1.79088
FixedPhi,90,125,-1.85592
FixedPhi,90,125.5,-1.92485
FixedPhi,90,126,-1.99782
FixedPhi,90,126.5,-2.07498
FixedPhi,90,127,-2.15647
FixedPhi,90,127.5,-2.24246
FixedPhi,90,128,-2.33312
FixedPhi,90,128.5,-2.42862
FixedPhi,90,129,-2.52915
FixedPhi,90,129.5,-2.63489
FixedPhi,90,130,-2.74605
FixedPhi,90,130.5,-2.86283
FixedPhi,90,131,-2.98546
FixedPhi,90,131.5,-3.11417
FixedPhi,90,132,-3.24921
FixedPhi,90,132.5,-3.39084
FixedPhi,90,133,-3.53934
FixedPhi,90,133.5,-3.695
FixedPhi,90,134,-3.85816
FixedPhi,90,134.5,-4.02913
FixedPhi,90,135,-4.20829
FixedPhi,90,135.5,-4.39604
FixedPhi,90,136,-4.59278
FixedPhi,90,136.5,-4.79899
FixedPhi,90,137,-5.01515
FixedPhi,90,137.5,-5.2418
FixedPhi,90,138,-5.47954
FixedPhi,90,138.5,-5.72901
FixedPhi,90,139,-5.99092
FixedPhi,90,139.5,-6.26606
FixedPhi,90,140,-6.55528
FixedPhi,90,140.5,-6.85955
FixedPhi,90,141,-7.17996
FixedPhi,90,141.5,-7.5177
FixedPhi,90,142,-7.87415
FixedPhi,90,142.5,-8.25084
FixedPhi,90,143,-8.64954
FixedPhi,90,143.5,-9.07228
FixedPhi,90,144,-9.52139
FixedPhi,90,144.5,-9.99959
FixedPhi,90,145,-10.5101
FixedPhi,90,145.5,-11.0567
FixedPhi,90,146,-11.6438
FixedPhi,90,146.5,-12.2771
FixedPhi,90,147,-12.9631
FixedPhi,90,147.5,-13.7103
FixedPhi,90,148,-14.529
FixedPhi,90,148.5,-15.4326
FixedPhi,90,149,-16.4387
FixedPhi,90,149.5,-17.5701
FixedPhi,90,150,-18.858
FixedPhi,90,150.5,-20.3441
FixedPhi,90,151,-22.0824
FixedPhi,90,151.5,-24.1298
FixedPhi,90,152,-26.4736
FixedPhi,90,152.5,-28.6996
FixedPhi,90,153,-29.4162
FixedPhi,90,153.5,-27.8948
FixedPhi,90,154,-25.5706
FixedPhi,90,154.5,-23.3981
FixedPhi,90,155,-21.5475
FixedPhi,90,155.5,-19.9837
FixedPhi,90,156,-18.648
FixedPhi,90,156.5,-17.4916
FixedPhi,90,157,-16.4779
FixedPhi,90,157.5,-15.5797
FixedPhi,90,158,-14.7767
FixedPhi,90,158.5,-14.0534
FixedPhi,90,159,-13.398
FixedPhi,90,159.5,-12.8011
FixedPhi,90,160,-12.2551
FixedPhi,90,160.5,-11.7541
FixedPhi,90,161,-11.2932
FixedPhi,90,161.5,-10.8683
FixedPhi,90,162,-10.4759
FixedPhi,90,162.5,-10.1132
FixedPhi,90,163,-9.77777
FixedPhi,90,163.5,-9.46755
FixedPhi,90,164,-9.18076
FixedPhi,90,164.5,-8.91586
FixedPhi,90,165,-8.67152
FixedPhi,90,165.5,-8.44659
FixedPhi,90,166,-8.24007
FixedPhi,90,166.5,-8.05107
FixedPhi,90,167,-7.87885
FixedPhi,90,167.5,-7.72273
FixedPhi,90,168,-7.58214
FixedPhi,90,168.5,-7.45658
FixedPhi,90,169,-7.34561
FixedPhi,90,169.5,-7.24887
FixedPhi,90,170,-7.16605
FixedPhi,90,170.5,-7.09688
FixedPhi,90,171,-7.04116
FixedPhi,90,171.5,-6.99873
FixedPhi,90,172,-6.96945
FixedPhi,90,172.5,-6.95327
FixedPhi,90,173,-6.95014
FixedPhi,90,173.5,-6.96007
FixedPhi,90,174,-6.9831
FixedPhi,90,174.5,-7.01931
FixedPhi,90,175,-7.06885
FixedPhi,90,175.5,-7.13187
FixedPhi,90,176,-7.2086
FixedPhi,90,176.5,-7.2993
FixedPhi,90,177,-7.40428
FixedPhi,90,177.5,-7.52391
FixedPhi,90,178,-7.65863
FixedPhi,90,178.5,-7.80891
FixedPhi,90,179,-7.97533
FixedPhi,90,179.5,-8.15854
FixedPhi,90,180,-8.35925
FixedPhi,270,0,3.76108
FixedPhi,270,0.5,3.75706
FixedPhi,270,1,3.753
FixedPhi,270,1.5,3.74892
FixedPhi,270,2,3.74485
FixedPhi,270,2.5,3.7408
FixedPhi,270,3,3.7368
FixedPhi,270,3.5,3.73287
FixedPhi,270,4,3.72903
FixedPhi,270,4.5,3.72529
FixedPhi,270,5,3.72169
FixedPhi,270,5.5,3.71824
FixedPhi,270,6,3.71497
FixedPhi,270,6.5,3.71188
FixedPhi,270,7,3.70901
FixedPhi,270,7.5,3.70638
FixedPhi,270,8,3.70399
FixedPhi,270,8.5,3.70187
FixedPhi,270,9,3.70004
FixedPhi,270,9.5,3.69852
FixedPhi,270,10,3.69731
FixedPhi,270,10.5,3.69644
FixedPhi,270,11,3.69591
FixedPhi,270,11.5,3.69575
FixedPhi,270,12,3.69596
FixedPhi,270,12.5,3.69656
FixedPhi,270,13,3.69755
FixedPhi,270,13.5,3.69894
FixedPhi,270,14,3.70075
FixedPhi,270,14.5,3.70297
FixedPhi,270,15,3.70561
FixedPhi,270,15.5,3.70868
FixedPhi,270,16,3.71218
FixedPhi,270,16.5,3.71612
FixedPhi,270,17,3.72048
FixedPhi,270,17.5,3.72527
FixedPhi,270,18,3.73048
FixedPhi,270,18.5,3.73612
FixedPhi,270,19,3.74217
FixedPhi,270,19.5,3.74864
FixedPhi,270,20,3.75551
FixedPhi,270,20.5,3.76277
FixedPhi,270,21,3.77042
FixedPhi,270,21.5,3.77844
FixedPhi,270,22,3.78681
FixedPhi,270,22.5,3.79554
FixedPhi,270,23,3.8046
FixedPhi,270,23.5,3.81397
FixedPhi,270,24,3.82364
FixedPhi,270,24.5,3.8336
FixedPhi,270,25,3.84382
FixedPhi,270,25.5,3.85429
FixedPhi,270,26,3.86498
FixedPhi,270,26.5,3.87587
FixedPhi,270,27,3.88696
FixedPhi,270,27.5,3.8982
FixedPhi,270,28,3.90958
FixedPhi,270,28.5,3.92108
FixedPhi,270,29,3.93268
FixedPhi,270,29.5,3.94434
FixedPhi,270,30,3.95606
FixedPhi,270,30.5,3.96779
FixedPhi,270,31,3.97953
FixedPhi,270,31.5,3.99124
FixedPhi,270,32,4.0029
FixedPhi,270,32.5,4.01449
FixedPhi,270,33,4.02598
FixedPhi,270,33.5,4.03735
FixedPhi,270,34,4.04858
FixedPhi,270,34.5,4.05963
FixedPhi,270,35,4.07049
FixedPhi,270,35.5,4.08113
FixedPhi,270,36,4.09153
FixedPhi,270,36.5,4.10166
FixedPhi,270,37,4.11151
FixedPhi,270,37.5,4.12104
FixedPhi,270,38,4.13025
FixedPhi,270,38.5,4.1391
FixedPhi,270,39,4.14757
FixedPhi,270,39.5,4.15565
FixedPhi,270,40,4.16331
FixedPhi,270,40.5,4.17053
FixedPhi,270,41,4.17729
FixedPhi,270,41.5,4.18358
FixedPhi,270,42,4.18938
FixedPhi,270,42.5,4.19466
FixedPhi,270,43,4.19941
FixedPhi,270,43.5,4.20361
FixedPhi,270,44,4.20724
FixedPhi,270,44.5,4.2103
FixedPhi,270,45,4.21276
FixedPhi,270,45.5,4.21461
FixedPhi,270,46,4.21583
FixedPhi,270,46.5,4.21641
FixedPhi,270,47,4.21634
FixedPhi,270,47.5,4.2156
FixedPhi,270,48,4.21418
FixedPhi,270,48.5,4.21207
FixedPhi,270,49,4.20926
FixedPhi,270,49.5,4.20573
FixedPhi,270,50,4.20148
FixedPhi,270,50.5,4.1965
FixedPhi,270,51,4.19077
FixedPhi,270,51.5,4.18429
FixedPhi,270,52,4.17705
FixedPhi,270,52.5,4.16903
FixedPhi,270,53,4.16025
FixedPhi,270,53.5,4.15067
FixedPhi,270,54,4.14031
FixedPhi,270,54.5,4.12914
FixedPhi,270,55,4.11718
FixedPhi,270,55.5,4.1044
FixedPhi,270,56,4.0908
FixedPhi,270,56.5,4.07639
FixedPhi,270,57,4.06115
FixedPhi,270,57.5,4.04508
FixedPhi,270,58,4.02818
FixedPhi,270,58.5,4.01044
FixedPhi,270,59,3.99186
FixedPhi,270,59.5,3.97243
FixedPhi,270,60,3.95215
FixedPhi,270,60.5,3.93103
FixedPhi,270,61,3.90905
FixedPhi,270,61.5,3.88622
FixedPhi,270,62,3.86252
FixedPhi,270,62.5,3.83797
FixedPhi,270,63,3.81256
FixedPhi,270,63.5,3.78628
FixedPhi,270,64,3.75914
FixedPhi,270,64.5,3.73114
FixedPhi,270,65,3.70227
FixedPhi,270,65.5,3.67252
FixedPhi,270,66,3.64191
FixedPhi,270,66.5,3.61043
FixedPhi,270,67,3.57808
FixedPhi,270,67.5,3.54486
FixedPhi,270,68,3.51077
FixedPhi,270,68.5,3.4758
FixedPhi,270,69,3.43996
FixedPhi,270,69.5,3.40324
FixedPhi,270,70,3.36565
FixedPhi,270,70.5,3.32719
FixedPhi,270,71,3.28785
FixedPhi,270,71.5,3.24764
FixedPhi,270,72,3.20655
FixedPhi,270,72.5,3.16459
FixedPhi,270,73,3.12175
FixedPhi,270,73.5,3.07803
FixedPhi,270,74,3.03344
FixedPhi,270,74.5,2.98798
FixedPhi,270,75,2.94163
FixedPhi,270,75.5,2.89441
FixedPhi,270,76,2.84632
FixedPhi,270,76.5,2.79734
FixedPhi,270,77,2.7475
FixedPhi,270,77.5,2.69677
FixedPhi,270,78,2.64518
FixedPhi,270,78.5,2.5927
FixedPhi,270,79,2.53936
FixedPhi,270,79.5,2.48514
FixedPhi,270,80,2.43005
FixedPhi,270,80.5,2.37409
FixedPhi,270,81,2.31726
FixedPhi,270,81.5,2.25957
FixedPhi,270,82,2.20101
FixedPhi,270,82.5,2.14159
FixedPhi,270,83,2.08131
FixedPhi,270,83.5,2.02017
FixedPhi,270,84,1.95818
FixedPhi,270,84.5,1.89535
FixedPhi,270,85,1.83167
FixedPhi,270,85.5,1.76716
FixedPhi,270,86,1.70182
FixedPhi,270,86.5,1.63566
FixedPhi,270,87,1.56868
FixedPhi,270,87.5,1.5009
FixedPhi,270,88,1.43233
FixedPhi,270,88.5,1.36297
FixedPhi,270,89,1.29285
FixedPhi,270,89.5,1.22197
FixedPhi,270,90,1.15035
FixedPhi,270,90.5,1.07801
FixedPhi,270,91,1.00496
FixedPhi,270,91.5,0.931238
FixedPhi,270,92,0.856854
FixedPhi,270,92.5,0.781837
FixedPhi,270,93,0.706213
FixedPhi,270,93.5,0.630013
FixedPhi,270,94,0.55327
FixedPhi,270,94.5,0.476017
FixedPhi,270,95,0.398294
FixedPhi,270,95.5,0.320141
FixedPhi,270,96,0.241604
FixedPhi,270,96.5,0.162728
FixedPhi,270,97,0.0835672
FixedPhi,270,97.5,0.00417493
FixedPhi,270,98,-0.0753895
FixedPhi,270,98.5,-0.155063
FixedPhi,270,99,-0.234779
FixedPhi,270,99.5,-0.314466
FixedPhi,270,100,-0.394048
FixedPhi,270,100.5,-0.473446
FixedPhi,270,101,-0.552575
FixedPhi,270,101.5,-0.631345
FixedPhi,270,102,-0.709664
FixedPhi,270,102.5,-0.787434
FixedPhi,270,103,-0.864552
FixedPhi,270,103.5,-0.940911
FixedPhi,270,104,-1.0164
FixedPhi,270,104.5,-1.09091
FixedPhi,270,105,-1.16432
FixedPhi,270,105.5,-1.2365
FixedPhi,270,106,-1.30734
FixedPhi,270,106.5,-1.37671
FixedPhi,270,107,-1.44447
FixedPhi,270,107.5,-1.51052
FixedPhi,270,108,-1.5747
FixedPhi,270,108.5,-1.6369
FixedPhi,270,109,-1.697
FixedPhi,270,109.5,-1.75486
FixedPhi,270,110,-1.81036
FixedPhi,270,110.5,-1.86339
FixedPhi,270,111,-1.91384
FixedPhi,270,111.5,-1.9616
FixedPhi,270,112,-2.00658
FixedPhi,270,112.5,-2.04869
FixedPhi,270,113,-2.08784
FixedPhi,270,113.5,-2.12398
FixedPhi,270,114,-2.15705
FixedPhi,270,114.5,-2.18699
FixedPhi,270,115,-2.21378
FixedPhi,270,115.5,-2.23741
FixedPhi,270,116,-2.25787
FixedPhi,270,116.5,-2.27517
FixedPhi,270,117,-2.28935
FixedPhi,270,117.5,-2.30043
FixedPhi,270,118,-2.30849
FixedPhi,270,118.5,-2.31358
FixedPhi,270,119,-2.31581
FixedPhi,270,119.5,-2.31526
FixedPhi,270,120,-2.31206
FixedPhi,270,120.5,-2.30632
FixedPhi,270,121,-2.29818
FixedPhi,270,121.5,-2.28781
FixedPhi,270,122,-2.27534
FixedPhi,270,122.5,-2.26095
FixedPhi,270,123,-2.24482
FixedPhi,270,123.5,-2.22712
FixedPhi,270,124,-2.20805
FixedPhi,270,124.5,-2.18779
FixedPhi,270,125,-2.16655
FixedPhi,270,125.5,-2.14452
FixedPhi,270,126,-2.12189
FixedPhi,270,126.5,-2.09888
FixedPhi,270,127,-2.07569
FixedPhi,270,127.5,-2.05251
FixedPhi,270,128,-2.02955
FixedPhi,270,128.5,-2.00701
FixedPhi,270,129,-1.98508
FixedPhi,270,129.5,-1.96396
FixedPhi,270,130,-1.94384
FixedPhi,270,130.5,-1.92491
FixedPhi,270,131,-1.90736
FixedPhi,270,131.5,-1.89137
FixedPhi,270,132,-1.87713
FixedPhi,270,132.5,-1.8648
FixedPhi,270,133,-1.85457
FixedPhi,270,133.5,-1.8466
FixedPhi,270,134,-1.84107
FixedPhi,270,134.5,-1.83813
FixedPhi,270,135,-1.83796
FixedPhi,270,135.5,-1.84072
FixedPhi,270,136,-1.84655
FixedPhi,270,136.5,-1.85563
FixedPhi,270,137,-1.86811
FixedPhi,270,137.5,-1.88414
FixedPhi,270,138,-1.90388
FixedPhi,270,138.5,-1.92748
FixedPhi,270,139,-1.9551
FixedPhi,270,139.5,-1.9869
FixedPhi,270,140,-2.02302
FixedPhi,270,140.5,-2.06364
FixedPhi,270,141,-2.10891
FixedPhi,270,141.5,-2.15899
FixedPhi,270,142,-2.21405
FixedPhi,270,142.5,-2.27426
FixedPhi,270,143,-2.33979
FixedPhi,270,143.5,-2.41083
FixedPhi,270,144,-2.48757
FixedPhi,270,144.5,-2.57018
FixedPhi,270,145,-2.65888
FixedPhi,270,145.5,-2.75387
FixedPhi,270,146,-2.85537
FixedPhi,270,146.5,-2.9636
FixedPhi,270,147,-3.07882
FixedPhi,270,147.5,-3.20126
FixedPhi,270,148,-3.3312
FixedPhi,270,148.5,-3.46892
FixedPhi,270,149,-3.61472
FixedPhi,270,149.5,-3.76892
FixedPhi,270,150,-3.93187
FixedPhi,270,150.5,-4.10393
FixedPhi,270,151,-4.2855
FixedPhi,270,151.5,-4.47699
FixedPhi,270,152,-4.67888
FixedPhi,270,152.5,-4.89166
FixedPhi,270,153,-5.11586
FixedPhi,270,153.5,-5.35207
FixedPhi,270,154,-5.60094
FixedPhi,270,154.5,-5.86317
FixedPhi,270,155,-6.13953
FixedPhi,270,155.5,-6.43088
FixedPhi,270,156,-6.73815
FixedPhi,270,156.5,-7.06239
FixedPhi,270,157,-7.40476
FixedPhi,270,157.5,-7.76656
FixedPhi,270,158,-8.14925
FixedPhi,270,158.5,-8.55446
FixedPhi,270,159,-8.98404
FixedPhi,270,159.5,-9.44006
FixedPhi,270,160,-9.92488
FixedPhi,270,160.5,-10.4412
FixedPhi,270,161,-10.992
FixedPhi,270,161.5,-11.5808
FixedPhi,270,162,-12.2113
FixedPhi,270,162.5,-12.8878
FixedPhi,270,163,-13.6149
FixedPhi,270,163.5,-14.397
FixedPhi,270,164,-15.2381
FixedPhi,270,164.5,-16.1402
FixedPhi,270,165,-17.1006
FixedPhi,270,165.5,-18.1069
FixedPhi,270,166,-19.1276
FixedPhi,270,166.5,-20.0987
FixedPhi,270,167,-20.9106
FixedPhi,270,167.5,-21.4185
FixedPhi,270,168,-21.5018
FixedPhi,270,168.5,-21.1463
FixedPhi,270,169,-20.4558
FixedPhi,270,169.5,-19.5771
FixedPhi,270,170,-18.6294
FixedPhi,270,170.5,-17.6861
FixedPhi,270,171,-16.7843
FixedPhi,270,171.5,-15.9396
FixedPhi,270,172,-15.1564
FixedPhi,270,172.5,-14.4335
FixedPhi,270,173,-13.7673
FixedPhi,270,173.5,-13.1534
FixedPhi,270,174,-12.5874
FixedPhi,270,174.5,-12.0649
FixedPhi,270,175,-11.5822
FixedPhi,270,175.5,-11.1359
FixedPhi,270,176,-10.7229
FixedPhi,270,176.5,-10.3405
FixedPhi,270,177,-9.98649
FixedPhi,270,177.5,-9.65878
FixedPhi,270,178,-9.35558
FixedPhi,270,178.5,-9.07533
FixedPhi,270,179,-8.81664
FixedPhi,270,179.5,-8.5783
FixedPhi,270,180,-8.35925
